source,target,ate_global,cate_crypto,cate_general,cate_loop_bench,cate_multimedia,cate_numeric,cate_pointer_data,cate_string_parse,cate_systems,cate_cluster_0,cate_cluster_1,cate_cluster_2,cate_cluster_3,cate_cluster_4,cate_cluster_5
attributor,bdce,0.0072073271523592,0.0048548041571157,-0.0058178389810427,0.0047591616834161,0.0129839819437078,0.0119769861078755,0.012230746229503,0.0089342922252429,0.0039245339256896,0.0089976574398633,0.0059666733790566,-0.0048381540157035,0.0157559535560802,0.0052439116522821,0.0068253393836489
mem2reg,gvn,0.0103099907314933,0.0025888998822467,0.0129243978614627,-0.0036115668345458,0.0253278473840216,0.0115563046661358,0.0046729761495368,0.015977687750649,0.0058486510377372,0.017715768848058,0.0087406799610677,0.0171631937317555,-0.0085864426513961,0.0072632209113873,0.0061170962026287
loop-unroll,mem2reg,0.0097697667040868,0.0280876125275323,0.020262774715818,0.0001752787093016,0.0200883999579257,0.0070404704844956,0.0054220379256934,0.0029962790580173,0.000677935428138,0.0128485594733512,0.0023928559009878,0.0302767920976833,0.0102848123654163,0.011959702571019,0.0004899181804531
mem2reg,licm,0.0119508337602344,0.0153095891190512,0.0084218000273455,0.0028611130102089,0.0074479956885274,0.0213115021982011,0.0037619757332968,0.0174293294919066,0.0107240751873753,0.0136814213867288,0.0100563084984468,0.0112448834007395,0.0232672814869836,0.0088040605571326,0.0128559709312529
loop-vectorize,mem2reg,0.0317260398771455,0.0073451293609834,0.0464941506473922,0.1051857733478975,0.0350641009042114,0.0905066417801983,0.0053934365954351,0.0026806712064448,0.0001576603782123,0.0665395001555743,0.0305292019173537,-0.0124451948824956,0.0059811547621299,0.0058288682861615,0.0055551797284604
mem2reg,iroutliner,0.0095031523010591,0.014488905989775,0.0019236165008871,0.0249188912249125,0.0184960015327959,0.0160554785115389,0.0106990154418678,0.0042691598694986,0.0006577531212773,0.0095548653749595,0.0092422147687489,0.0424002172333877,0.0102953147682773,0.0066115902394058,-0.0036432577780637
sroa,instcombine,0.0053538673850915,0.0102357302892697,0.0062333084031374,9.570151979720888e-06,0.0063391412526194,0.0046064112182789,-0.0011867660249221,0.00598319465685,0.0031163866856645,0.0033068710661371,0.0058873566925302,0.0089494129210253,0.0081122079557759,0.0029626001214678,0.0082869296027249
sroa,gvn,0.0092801211250737,0.0071730057573084,0.0217588735696758,-0.0035498042987634,0.0149770452407398,0.0158105289537131,0.0017531494124038,0.0112396873798124,0.0019377983561242,0.0135373535655809,0.008329616022617,0.0075840052223138,-0.0019143820097451,0.010658264346368,-0.0043831028558067
loop-unroll,sroa,0.0094087392879288,0.0259252136867763,0.0319357143926424,-0.0031468786418041,0.034292512497896,0.0063719886048441,0.0058703238627594,-0.0002717073068907,-0.0027266344131657,0.0132307575083479,-0.0010516693217479,0.0174190464697797,0.002668644179355,0.0169661095264838,-0.009125950874509
sroa,licm,0.0123529333346986,0.0059186075427213,0.0220652071834304,0.0028230455188986,0.0148139690826294,0.0171144135294711,0.0051763452237643,0.0183737772608006,0.0050854910509028,0.0192156990494802,0.013201987757212,-0.0010414253504177,0.0057814475968661,0.0077045144240923,0.0135322423935183
loop-vectorize,sroa,0.0312446675045225,0.0131295247507768,0.0652397348494809,0.1059272098361142,0.022436429013502,0.0813911631726042,0.0148846108046498,-0.0009294466191406,0.0002148508990639,0.062333977444474,0.0307015465459513,0.0020103508449462,0.0010551509494823,0.0044049999131244,0.0183460666838852
sroa,iroutliner,0.0092675069369923,0.0053427308598376,0.0115720620365873,0.0277131451154067,0.0104043117143731,0.0085651197392298,0.0115329538158351,0.0075327824045498,0.0033199915101228,0.0070373875957189,0.012582427598025,0.0607168972084646,-0.0042327020689226,0.0030369479150928,0.0111703888458499
gvn,instcombine,0.0399530414871903,0.0449749199094644,0.0363517107746597,0.0169707350079353,0.0439997190208665,0.0493650726441234,0.0376874467019589,0.0441074448140045,0.0372302961409483,0.049118689362062,0.0367818843908205,0.0271798468723162,0.0325523712065383,0.0386300527886024,0.009920768429842
newgvn,instcombine,0.0231311762585283,0.0241058530497854,0.0188007981721817,0.0050690476557571,0.0192635565652984,0.0357426888808465,0.0249269899286665,0.0199970436601026,0.0244401117144394,0.0303406717231884,0.0174116532938918,0.0245867380712827,0.024120793948637,0.0207677448865877,0.0162369255741431
attributor,instcombine,0.0075895559197426,0.0136300144814707,0.0099784797141802,0.0041692308274763,0.0009658643414585,0.0085252003239824,0.0047482295018223,0.0160441046745688,0.0044389773074879,0.0077839523561988,0.0098403121334201,-0.0039594920252957,0.0071605967929149,0.0078890091535511,0.0080718225160743
licm,instcombine,0.0069434379455492,0.0027669657775569,0.0252941087238422,0.0144850332315177,0.0011685371713281,0.0119924748457123,0.0090715980294099,0.0026035514870262,0.0018023712404818,0.0147801728331761,0.0041130815457173,0.0032356457669661,0.0106957715679316,0.0036820787881435,-0.0150589324299814
loop-vectorize,instcombine,0.0096445843867769,0.0215822261567067,0.0206178541061856,0.0350715017085265,0.0048512982579532,0.0234037392745359,-0.0055296327222251,-0.0010606505024021,-0.0009650350638896,0.023570565433542,0.0061231057868848,0.0029161933992759,0.00076856554378,0.0012272640382172,0.0021694409609331
early-cse-memssa,instcombine,0.0176667485701636,0.0144922725164985,0.0236191752678844,0.0085420807098305,0.015565279708934,0.0269495065338443,0.0149734499296306,0.0148140672092635,0.0163192461442718,0.0210528760981846,0.0115284425228888,0.0191989348843323,0.0276844763025528,0.0169192451484694,0.0140466320886586
break-crit-edges,simplifycfg,0.0206929903720959,0.0045475285896777,0.0166189893401736,-0.0014766075102242,0.0228463449334183,0.015747290171902,0.0189371873160149,0.031997001188151,0.0294150507557641,0.0193635575341795,0.0354746010694805,0.0065001649939235,0.0107733817855005,0.0156655991142966,0.0067073807771363
gvn,dse,0.0361079937697648,0.0320000928379768,0.0356584229593565,0.0143769378932463,0.0340833802593751,0.0468924770533827,0.0407362888169796,0.0278336574032115,0.040494098781436,0.0438458725563895,0.028894233482125,0.0177925479953812,0.0547922563237488,0.0300995851942376,0.0261414738129889
newgvn,dse,0.0238039401583913,0.0275487012605175,0.0164390507890255,0.0067264481557797,0.0218072122174623,0.0308389122473106,0.0245852431291839,0.0163425452364019,0.03203732406953,0.0293930678215131,0.0168183528121411,0.0133254012175034,0.0325330754087281,0.0241261114207846,0.0245945334304964
licm,dse,0.0179435121624828,0.0137415575011926,0.0252789535008521,0.0058545167729972,0.0219055654668834,0.0198221266115368,0.0080894226889861,0.0334472756981059,0.0099925246345354,0.0299394569992454,0.0191485347542543,0.000147163464066,0.0045948612778612,0.0109372141724334,0.0039172361404696
early-cse-memssa,dse,0.0212916618419781,0.019138750461292,0.0163096832957093,-0.0040781242900339,0.0180835659841159,0.0349975099886658,0.0248848179077045,0.0263584578217637,0.0213446666153639,0.0304011456107264,0.0114568820469158,0.0169534272474365,0.0214758830046258,0.021809757639765,0.0254785074281924
break-crit-edges,jump-threading,0.025540000670261,0.0220411082230992,0.0261925677620892,-0.0008155180484075,0.0303970907059694,0.0167452466287574,0.0125957206540888,0.0392696634079065,0.0344152530499016,0.0176095324437239,0.0405103892867621,0.0127320429234902,0.0279980522747035,0.0263427036584347,0.0054088424059755
loop-interchange,loop-deletion,0.0072743169995836,0.020084472042255,-0.0006571326262355,0.0011677094395051,0.0066520888349031,0.0185144801263593,-0.0049787956832007,0.0049654790109519,0.006070258199217,0.006982798426001,0.0053204009329848,0.0379370762199329,0.0019543016950208,0.0081493464883146,5.2630951865917375e-05
loop-reduce,gvn,0.0105304440587196,0.0105182783442697,0.0189332424230735,0.0170466936390476,0.0128261863771584,0.0166126570639936,0.005675152154236,0.0006166517682619,0.0063404006347237,0.0194365574054443,0.0053051181070908,0.0065807001025516,0.0122528727993935,0.0079989049217871,-0.0113700384591813
loop-unroll,gvn,0.0208256439305606,0.0407782501565102,0.0373445366411355,-0.0017654418341059,0.0418660564070338,0.045093154346851,0.0057780118578648,0.0024789094947504,0.0033494413675362,0.0377761279885359,0.0055529795728022,0.0400622815595047,0.0088784661524169,0.0203176989304899,-0.0058389019226032
gvn,attributor,0.0391099689327647,0.0394032441053717,0.0522521967718187,0.0173749308894758,0.0301200535111214,0.0513204561892429,0.0416318044127249,0.0353594230743333,0.0399759018173287,0.050396725876711,0.0330501051739124,0.0335631614453387,0.0422865024130044,0.0324887414325779,0.0273922027810714
licm,gvn,0.0200244466682386,0.0156038052221855,0.0190386475543274,-0.0020165278747993,0.0167384032535649,0.0391768898730437,0.0141445301835171,0.0277387047926895,0.0133098508117536,0.0358394004790076,0.0137987779645799,0.0189384077337032,0.0114027388016681,0.014196235846172,-0.0010186690405288
loop-vectorize,gvn,0.0292208558220624,0.020336403218734,0.0727951544613626,0.0929259398055064,0.0103223615473503,0.052126289581419,0.0019991327477194,0.0133583169065873,0.0107704347642896,0.0505931431014612,0.0315467398256111,0.0257413115275228,0.0248812276282889,0.0051403562917499,0.0202727801769799
early-cse-memssa,gvn,0.0105590158192136,0.0229915116897128,0.0157834691728601,0.0061892542330267,0.0122469030639597,0.0178811921663629,0.0041256621935895,0.0068470773518784,0.0024590028781273,0.0145057081510937,0.0072086404550432,0.0132044475248706,0.0134892614465224,0.0114869476017569,-0.0058832379524421
newgvn,attributor,0.0126190297576471,0.0169499269573936,0.0106035087685791,0.0016067796109426,0.0150611920670515,0.0148284663694709,0.0116488230701411,0.0123470240024121,0.0100982682455645,0.014381611342749,0.0099074360409198,0.0114976456521866,0.0028766105211844,0.0146035967870999,0.0258233974136907
licm,newgvn,0.013544397962936,0.0157995745054907,0.0115073141862351,0.0167939691193255,0.0139694783638139,0.0284430063008458,0.0031300475015055,0.0061234889819624,0.0087702287107894,0.0218927357693343,0.0115338173343558,0.0258468711273168,0.0187313735578119,0.0042037540849536,0.0156689563778177
loop-vectorize,newgvn,0.0105788372758964,-0.0021300229573837,0.0142875235263857,0.0340360971989781,0.0041178939433036,0.0275113280554073,0.0034496358479182,0.0064059352707636,0.0038109248698146,0.0178230988045265,0.0102686170142267,-0.0126166761911198,0.0173479453659745,0.0037833915456459,0.0069529028100369
licm,early-cse,0.0080357709959746,0.0079883017412711,-0.0042292949855807,0.0054399438338521,0.0021994620797567,0.0235214374203441,0.0017970629321908,0.00979087037261,0.0059683427790657,0.0074834634642045,0.0100107139402912,-0.0094312518732069,0.0223520615902139,0.0067327932435616,0.0131443928065838
loop-reduce,licm,0.0082910026648329,-0.0005538102539437,0.0231570438571195,0.0093145820619025,0.0136769828900086,0.0169432004251799,0.0060612450836976,0.0108002857030162,-0.0022424010956773,0.0099177930972044,0.0097899416975276,0.036798247179111,0.0171438064833762,0.000399408632673,0.0019830565438975
loop-versioning,loop-rotate,0.0113914011202281,-0.005096195847369,0.0188854212463434,0.0210228980859718,0.012741031165701,0.0361522969532146,0.0112944017488991,0.0047282823056369,-0.0013109532811416,0.0234107025142192,0.0055985204683666,0.0060134590948975,-0.0050429866736745,0.0068665523649325,0.0070508866776808
break-crit-edges,loop-rotate,0.0087519752602475,0.0129094344206053,0.023913394839261,0.0087907604330398,0.0108495501498885,0.0079816241281263,0.0119957946701723,0.009583935520605,-0.0008646453950991,0.0185331686019216,0.0072319824969735,-0.0025862142474547,0.0053767979549396,0.0049671692697432,-0.0193394695304055
early-cse-memssa,attributor,0.0133264924111221,0.0166998728716032,0.0125270942106398,0.0072961241058928,0.012970312814912,0.0098715558096046,0.0157064650084087,0.0147712257320088,0.0146733578656972,0.0160758493365182,0.0154505906615322,0.0068779671254494,0.0066923487902855,0.0116950824602234,0.0052815941685538
loop-vectorize,licm,0.041553030507902,0.0233528228401236,0.0884831784544007,0.1000462788860274,0.0344879955085942,0.0911022721436649,0.0127255037669387,0.0147198678470235,0.0123359663504597,0.0853841106628313,0.0346467574152718,0.0276354236222644,0.0270645152233322,0.0061015042754425,0.0095442213499488
licm,early-cse-memssa,0.0153115206320995,0.0112814754636596,0.0027303293719833,0.0095218899032073,0.0191685092735541,0.0260000521237082,0.0202192618800418,0.0160657841341243,0.0091949623823811,0.0179765802531653,0.0145016612299371,0.003512464369843,0.0172353470615476,0.0134699079864216,0.0126116679156981
licm,simple-loop-unswitch,0.008892832353487,0.0119792876729309,0.0095460042929965,0.0190980946445492,0.0025839731680527,0.0156166152104533,-0.004310747832743,0.0065671110813222,0.0060974585670321,0.0115928902170798,0.0111418159070945,0.0039664855876282,0.0376097437296275,0.0014619122283229,-0.0023437071747097
loop-versioning,loop-vectorize,0.0115878189281823,-0.0081050896170298,0.0506286093789975,0.0307667207347402,0.0062298944717278,0.0218436826269959,-0.0021586166905802,0.0020770523967874,0.0034192929891223,0.0274960418691735,0.0126729056930854,-0.0075961754938148,0.0022342974467472,0.0013898498788046,-0.0158667710248629
loop-reroll,loop-vectorize,0.009381929343887,0.0105110910746361,0.0127833529767948,0.0028763749491994,0.0157645315340721,0.0122290162467341,0.0075982902356273,0.002524346397801,0.0083857317900918,0.0088642223507567,0.0094247854135487,0.0038071061011261,-0.0073322253242645,0.0149303058884714,0.0032797052254714
