pass_a,pass_b,rate_with_bigram,rate_without_bigram,n_with_bigram,chi2,p_value,p_adj,significant,positive
bdce,newgvn,0.005333333333333333,0.0011926457229160744,1125,15.968493127865989,6.440549852858405e-05,0.0001806259470012169,True,True
bdce,scalarizer,0.004541326067211626,0.0011953523363704755,1101,10.205349817748854,0.001400338270225958,0.001997390156196022,True,True
bdce,simple-loop-unswitch,0.004528985507246377,0.0011953623285323792,1104,10.157667213140918,0.0014370234027694748,0.001997390156196022,True,True
bdce,loop-instsimplify,0.004911591355599214,0.0011950759527875356,1018,11.644359422275649,0.000643975061975756,0.0015107087931884088,True,True
bdce,break-crit-edges,0.004456327985739751,0.0011954222850120797,1122,9.877327345649947,0.0016732781199256443,0.0020839118533764207,True,True
ipsccp,gvn-hoist,0.004528985507246377,0.0011953623285323792,1104,10.157667213140918,0.0014370234027694748,0.001997390156196022,True,True
ipsccp,separate-const-offset-from-gep,0.004363001745200698,0.001195502236341596,1146,9.518286983312558,0.00203434390928904,0.002204250858051116,True,True
ipsccp,iroutliner,0.0052585451358457495,0.0011926988992615299,1141,15.614736548284295,7.764709035638212e-05,0.0001997404462271071,True,True
correlated-propagation,simplifycfg,0.010036496350364963,0.0011786177015561655,1096,71.19862066921789,3.230138454184253e-17,2.4096832868214526e-15,True,True
correlated-propagation,gvn,0.004448398576512456,0.0011954289472144277,1124,9.846775086066591,0.0017012974515964213,0.002094336466816717,True,True
correlated-propagation,partial-inliner,0.004440497335701598,0.0011954356094910341,1126,9.816339818564588,0.0017296822377269162,0.0021073497140615643,True,True
correlated-propagation,load-store-vectorizer,0.0073059360730593605,0.001186973385047479,1095,33.94474204644483,5.669970494376832e-09,1.0761948207037357e-07,True,True
mem2reg,sccp,0.004288164665523156,0.0011955688706193827,1166,9.23127590888403,0.0023791580086204604,0.002444699551557663,True,True
mem2reg,adce,0.004524886877828055,0.0011953656592901367,1105,10.141834855954404,0.0014494181851827449,0.001997390156196022,True,True
mem2reg,early-cse,0.006357856494096276,0.0011897795982055784,1101,24.346737639288744,8.046289698482702e-07,6.104232373003583e-06,True,True
mem2reg,strip-dead-prototypes,0.004452359750667854,0.0011954256161039714,1123,9.86203655279015,0.0016872423048784962,0.0020839118533764207,True,True
mem2reg,loop-rotate,0.00458295142071494,0.0011953190303705767,1091,10.366327561031701,0.0012833458039884676,0.001997390156196022,True,True
mem2reg,partial-inliner,0.0045662100456621,0.0011953323525478133,1095,10.301557548692749,0.00132917973371976,0.001997390156196022,True,True
mem2reg,rpo-function-attrs,0.0057361376673040155,0.0011923832342002256,1046,17.88230352327708,2.349961381748094e-05,0.00012007336923178618,True,True
mem2reg,loop-interchange,0.006222222222222222,0.0011898591674887006,1125,23.586469144783635,1.1942434514332579e-06,7.680220816975952e-06,True,True
mem2reg,loop-distribute,0.005240174672489083,0.0011927121940888293,1145,15.527924993047904,8.12954035688862e-05,0.0002048863887242875,True,True
mem2reg,simple-loop-unswitch,0.004646840148698885,0.0011952690748505913,1076,10.613819246255241,0.0011224560617982622,0.001997390156196022,True,True
mem2reg,loop-simplifycfg,0.004528985507246377,0.0011953623285323792,1104,10.157667213140918,0.0014370234027694748,0.001997390156196022,True,True
mem2reg,load-store-vectorizer,0.004651162790697674,0.0011952657446310556,1075,10.630581977818606,0.001112327037917209,0.001997390156196022,True,True
mem2reg,iroutliner,0.010801080108010801,0.0011758805171645118,1111,85.21518056995178,2.6759950282105693e-20,4.9907307276127114e-18,True,True
sroa,globaldce,0.00545950864422202,0.0011925593214671822,1099,16.566493920740054,4.697363960536874e-05,0.0001637492296523602,True,True
sroa,instcombine,0.004456327985739751,0.0011954222850120797,1122,9.877327345649947,0.0016732781199256443,0.0020839118533764207,True,True
sroa,simplifycfg,0.00706090026478376,0.0011870990754002976,1133,32.361242922727854,1.2801439377032914e-08,1.646529961252854e-07,True,True
sroa,sccp,0.006352087114337568,0.001189782913379903,1102,24.314374019258846,8.182617121988717e-07,6.104232373003583e-06,True,True
sroa,dce,0.005420054200542005,0.0011925859051949933,1107,16.37934767910577,5.184708367923775e-05,0.00016671519148582481,True,True
sroa,dse,0.004528985507246377,0.0011953623285323792,1104,10.157667213140918,0.0014370234027694748,0.001997390156196022,True,True
sroa,newgvn,0.00546448087431694,0.0011925559985845363,1098,16.590088660105682,4.639283773867596e-05,0.0001637492296523602,True,True
sroa,strip-dead-prototypes,0.005203816131830009,0.0011927387846326198,1153,15.356207567672255,8.902794011757122e-05,0.00021991669976062294,True,True
sroa,mergeicmps,0.00458295142071494,0.0011953190303705767,1091,10.366327561031701,0.0012833458039884676,0.001997390156196022,True,True
sroa,float2int,0.0043782837127845885,0.0011954889103773453,1142,9.576995649878816,0.0019703056324835715,0.0021807833855085226,True,True
sroa,slp-vectorizer,0.006065857885615251,0.0011899553279065425,1154,22.711573675002093,1.8823072730317288e-06,1.0970322075638044e-05,True,True
sroa,dfa-jump-threading,0.004528985507246377,0.0011953623285323792,1104,10.157667213140918,0.0014370234027694748,0.001997390156196022,True,True
sroa,loop-fusion,0.005253940455341506,0.0011927022229405683,1142,15.592973533286784,7.854592860943254e-05,0.00020066870802272835,True,True
sroa,hotcoldsplit,0.005221932114882507,0.0011927254892125224,1149,15.441750877222223,8.50875237143576e-05,0.00021300433788896234,True,True
sroa,lowerswitch,0.005644402634054563,0.0011924397093567513,1063,17.44527608807337,2.9569818835408113e-05,0.00013786928032009032,True,True
sroa,early-cse-memssa,0.007073386383731211,0.0011870924594549407,1131,32.441857455048584,1.2281246283411187e-08,1.646529961252854e-07,True,True
sroa,loop-instsimplify,0.0062836624775583485,0.00118982269691287,1114,23.93070778518701,9.98660345482079e-07,6.873478430564915e-06,True,True
sroa,iroutliner,0.008166969147005444,0.0011842101596872571,1102,44.486681677763194,2.560934350443515e-11,8.683895570140283e-10,True,True
instsimplify,elim-avail-extern,0.004528985507246377,0.0011953623285323792,1104,10.157667213140918,0.0014370234027694748,0.001997390156196022,True,True
instsimplify,iroutliner,0.004541326067211626,0.0011953523363704755,1101,10.205349817748854,0.001400338270225958,0.001997390156196022,True,True
constmerge,simplifycfg,0.005305039787798408,0.0011926656634899404,1131,15.834598610482457,6.912687506091091e-05,0.0001868429304182592,True,True
constmerge,loop-rotate,0.004553734061930784,0.0011953423443756216,1098,10.253312495771924,0.001364393842528339,0.001997390156196022,True,True
constmerge,iroutliner,0.0064754856614246065,0.0011897132985985344,1081,25.007042380392235,5.712129643665324e-07,5.606906202860963e-06,True,True
function-attrs,mem2reg,0.005342831700801425,0.0011926390762062931,1123,16.01345946162838,6.289376908512247e-05,0.0001806259470012169,True,True
function-attrs,sroa,0.004370629370629371,0.0011954955733223351,1144,9.547585834527972,0.0020021257075080222,0.002202928875812662,True,True
function-attrs,constmerge,0.0055147058823529415,0.001192522770776505,1088,16.828541325410875,4.091332402911272e-05,0.0001637492296523602,True,True
function-attrs,simplifycfg,0.004633920296570899,0.001195279065620542,1079,10.563730711616408,0.0011532819825845395,0.001997390156196022,True,True
function-attrs,gvn,0.0047169811320754715,0.0011952157935647798,1060,10.886087714276046,0.0009688926434766059,0.001997390156196022,True,True
function-attrs,loop-rotate,0.005429864253393665,0.0011925792591519313,1105,16.425867328664104,5.059012736815007e-05,0.00016552734656421033,True,True
function-attrs,lower-expect,0.00458295142071494,0.0011953190303705767,1091,10.366327561031701,0.0012833458039884676,0.001997390156196022,True,True
function-attrs,slp-vectorizer,0.007366482504604052,0.0011869436201780415,1086,34.33646946236141,4.636123001281699e-09,9.60707710821152e-08,True,True
function-attrs,irce,0.004492362982929021,0.0011953923060204303,1113,10.016277197189458,0.001551627790292573,0.0020523303751032967,True,True
function-attrs,iroutliner,0.004230118443316413,0.0011956221833900487,1182,9.00924055473705,0.0026861801290167194,0.0026934010433420333,True,True
deadargelim,simplifycfg,0.004686035613870665,0.0011952391035428113,1067,10.765895260791467,0.0010338754315303755,0.001997390156196022,True,True
deadargelim,memcpyopt,0.004299226139294927,0.0011955588750041802,1163,9.273646046868533,0.002324744704119712,0.0024154032719683914,True,True
elim-avail-extern,iroutliner,0.007213706041478809,0.0011870196889228214,1109,33.34836669250756,7.704249744576756e-09,1.2494283281422303e-07,True,True
mergefunc,correlated-propagation,0.0046641791044776115,0.0011952557540837905,1072,10.681071136050473,0.0010823736956724274,0.001997390156196022,True,True
mergefunc,instsimplify,0.004476275738585497,0.0011954056298310828,1117,9.954223958078176,0.0016048076096373922,0.002064114615154301,True,True
mergefunc,deadargelim,0.004191114836546521,0.0011956588386780305,1193,8.860342529569941,0.0029143288147257533,0.0029143288147257533,True,True
mergefunc,consthoist,0.004310344827586207,0.0011955488795561142,1160,9.316253820126938,0.002271298987010015,0.002366465145683619,True,True
mergefunc,mldst-motion,0.00441306266548985,0.0011954589280439617,1133,9.710728752194436,0.0018319535466843784,0.0021221076798548857,True,True
instcombine,mem2reg,0.0044603033006244425,0.0011954189539387522,1121,9.892647543110309,0.0016594044957215519,0.0020839118533764207,True,True
instcombine,globaldce,0.005357142857142857,0.0011926291062805297,1120,16.081225945963823,6.068265642666435e-05,0.0001796399273583,True,True
instcombine,simplifycfg,0.007023705004389816,0.0011871189236788424,1139,32.1211474394522,1.4485197057195589e-08,1.8009928341113182e-07,True,True
instcombine,gvn-sink,0.005791505791505791,0.001192350016018721,1036,18.14638694212663,2.045571662636771e-05,0.00010899974716621652,True,True
instcombine,globalopt,0.004284490145672665,0.001195572202528259,1167,9.217205020717604,0.0023975127818756927,0.0024567919440649268,True,True
instcombine,indvars,0.005361930294906166,0.0011926257830089837,1119,16.103899756227836,5.996043730005384e-05,0.00017892194490336065,True,True
instcombine,rpo-function-attrs,0.004612546125461255,0.0011952957172749487,1084,10.480909829509855,0.0012061434376452866,0.001997390156196022,True,True
instcombine,slp-vectorizer,0.00516795865633075,0.0011927653763620656,1161,15.186987291923304,9.737211024393127e-05,0.0002343212717482991,True,True
instcombine,scalarizer,0.004374453193350831,0.0011954922418405565,1143,9.56227683528962,0.0019861661113469765,0.0021918341998000655,True,True
simplifycfg,bdce,0.005272407732864675,0.001192688928335558,1138,15.680267577165681,7.500258292930229e-05,0.0001956361079204878,True,True
simplifycfg,ipsccp,0.004533091568449683,0.0011953589977931835,1103,10.173530436444969,0.0014247120811126037,0.001997390156196022,True,True
simplifycfg,mem2reg,0.005479452054794521,0.0011925460300477018,1095,16.661144433679112,4.468699248403562e-05,0.0001637492296523602,True,True
simplifycfg,sroa,0.005591798695246971,0.0011924729325361225,1073,17.194967942942537,3.37328707457191e-05,0.0001515947082910027,True,True
simplifycfg,instsimplify,0.0064516129032258064,0.001189726557928817,1085,24.872964439830348,6.123520323511366e-07,5.856597642742922e-06,True,True
simplifycfg,constmerge,0.004629629629629629,0.0011952823959143074,1080,10.54710077869792,0.0011637047970522558,0.001997390156196022,True,True
simplifycfg,function-attrs,0.004766444232602479,0.0011951791654361986,1049,11.078427080547145,0.0008733785347357307,0.0019391082943834973,True,True
simplifycfg,deadargelim,0.0069868995633187774,0.0011871387726211243,1145,31.88364206811284,1.636898662669788e-08,1.9695587134704225e-07,True,True
simplifycfg,globaldce,0.005338078291814947,0.001192642399551923,1124,15.990955237693031,6.364582752421729e-05,0.0001806259470012169,True,True
simplifycfg,elim-avail-extern,0.00463821892393321,0.0011952757353453343,1078,10.58039370574239,0.0011429331671955513,0.001997390156196022,True,True
simplifycfg,mergefunc,0.0049800796812749,0.001195029346466585,1004,11.912143558495076,0.0005576918855747797,0.0013165764134138785,True,True
simplifycfg,instcombine,0.01065891472868217,0.001178407561866397,1032,76.81072268373613,1.881532546833113e-18,2.3393721332291704e-16,True,True
simplifycfg,sccp,0.004310344827586207,0.0011955488795561142,1160,9.316253820126938,0.002271298987010015,0.002366465145683619,True,True
simplifycfg,dse,0.004549590536851683,0.0011953456750220122,1099,10.237293675612802,0.0013762936602498463,0.001997390156196022,True,True
simplifycfg,gvn-sink,0.010194624652455977,0.0011785618758915835,1079,72.62354476290785,1.568960422493892e-17,1.4630555939755544e-15,True,True
simplifycfg,newgvn,0.005499541704857928,0.0011925327389244915,1091,16.756523740106598,4.2495901290483414e-05,0.0001637492296523602,True,True
simplifycfg,early-cse,0.0062724014336917565,0.0011898293277603621,1116,23.867595170554186,1.031943142390443e-06,6.873478430564915e-06,True,True
simplifycfg,globalopt,0.005479452054794521,0.0011925460300477018,1095,16.661144433679112,4.468699248403562e-05,0.0001637492296523602,True,True
simplifycfg,libcalls-shrinkwrap,0.004541326067211626,0.0011953523363704755,1101,10.205349817748854,0.001400338270225958,0.001997390156196022,True,True
simplifycfg,flattencfg,0.004604051565377533,0.0011953023780666193,1086,10.448010353129359,0.0012278163846151905,0.001997390156196022,True,True
simplifycfg,lower-expect,0.005449591280653951,0.001192565967288027,1101,16.5194394799218,4.8153839973683e-05,0.00016382880839344927,True,True
simplifycfg,rpo-function-attrs,0.004677268475210477,0.0011952457637035344,1069,10.731863713121156,0.0010530633116052782,0.001997390156196022,True,True
simplifycfg,attributor,0.004266211604095563,0.0011955888623512133,1172,9.14724124119476,0.0024909334015498666,0.0025316571083871943,True,True
simplifycfg,inferattrs,0.005415162454873646,0.0011925892282443026,1108,16.356154040107505,5.248545780278113e-05,0.00016732543384989198,True,True
simplifycfg,div-rem-pairs,0.007067137809187279,0.0011870957674184012,1132,32.40151354466727,1.2538877537196391e-08,1.646529961252854e-07,True,True
simplifycfg,float2int,0.004424778761061947,0.001195448934267028,1130,9.755817775580736,0.0017875610695307841,0.0021073497140615643,True,True
simplifycfg,inline,0.006554307116104869,0.001189670207816161,1068,25.449975799872547,4.5400334640976503e-07,4.838378520309782e-06,True,True
simplifycfg,sink,0.004291845493562232,0.0011955655387290776,1165,9.24537299758593,0.002360912021999032,0.0024326524425570136,True,True
simplifycfg,callsite-splitting,0.0046816479400749065,0.0011952424336138948,1068,10.748862440399812,0.0010434343741367613,0.001997390156196022,True,True
simplifycfg,mldst-motion,0.004359197907585004,0.0011955055678790783,1147,9.503678987906046,0.0020506033451574727,0.002204250858051116,True,True
simplifycfg,slsr,0.004651162790697674,0.0011952657446310556,1075,10.630581977818606,0.001112327037917209,0.001997390156196022,True,True
simplifycfg,loop-distribute,0.0054694621695533276,0.0011925526757204077,1097,16.613728576214868,4.5818164204676705e-05,0.0001637492296523602,True,True
simplifycfg,loop-load-elim,0.005305039787798408,0.0011926656634899404,1131,15.834598610482457,6.912687506091091e-05,0.0001868429304182592,True,True
simplifycfg,hotcoldsplit,0.0052863436123348016,0.001192678957576298,1135,15.746163820131184,7.243467687300746e-05,0.00019161797499029634,True,True
simplifycfg,nary-reassociate,0.0045207956600361665,0.0011953689900664557,1106,10.12603328117978,0.0014618968167332818,0.001997390156196022,True,True
simplifycfg,scalarizer,0.005277044854881266,0.0011926856047306147,1137,15.702192269408727,7.413819185856267e-05,0.0001947432786143935,True,True
simplifycfg,always-inline,0.006172839506172839,0.0011898890087137773,1134,23.309973928469304,1.378831379113607e-06,8.295227490473797e-06,True,True
simplifycfg,speculative-execution,0.006363636363636364,0.0011897762830497282,1100,24.37916224627235,7.911989189283673e-07,6.104232373003583e-06,True,True
simplifycfg,load-store-vectorizer,0.005703422053231939,0.001192403165997565,1052,17.72637142041017,2.550659510018557e-05,0.0001251836838469634,True,True
simplifycfg,iroutliner,0.0054005400540054005,0.0011925991975033437,1111,16.286836436694394,5.444083532920129e-05,0.00017064228216632002,True,True
simplifycfg,global-merge,0.004476275738585497,0.0011954056298310828,1117,9.954223958078176,0.0016048076096373922,0.002064114615154301,True,True
tailcallelim,sroa,0.004780114722753346,0.0011951691763362074,1046,11.131633135293185,0.0008486783598315017,0.0019069700495009045,True,True
tailcallelim,slp-vectorizer,0.004646840148698885,0.0011952690748505913,1076,10.613819246255241,0.0011224560617982622,0.001997390156196022,True,True
tailcallelim,break-crit-edges,0.004562043795620438,0.0011953356831385224,1096,10.285444346293355,0.001340837262043153,0.001997390156196022,True,True
reassociate,simplifycfg,0.0057361376673040155,0.0011923832342002256,1046,17.88230352327708,2.349961381748094e-05,0.00012007336923178618,True,True
reassociate,strip-dead-prototypes,0.004248088360237893,0.00119560552263847,1177,9.077922480337884,0.002587137908868968,0.0026010847439572105,True,True
reassociate,iroutliner,0.004734848484848485,0.0011952024739855405,1056,10.95553412582507,0.0009332446710381051,0.001977842399415984,True,True
memcpyopt,loop-sink,0.004761904761904762,0.0011951824951733014,1050,11.060763824601352,0.0008817381163685288,0.0019416970108423195,True,True
sccp,simplifycfg,0.007194244604316547,0.0011870296116518382,1112,33.22257950120091,8.219059233369543e-09,1.277378789186183e-07,True,True
sccp,gvn,0.004251700680272109,0.0011956021905438737,1176,9.09173502582376,0.0025676717169609386,0.0025884906768281896,True,True
sccp,loop-fusion,0.004803073967339097,0.0011951525282072712,1041,11.221037081471357,0.0008087528737473976,0.0018394196457791423,True,True
dce,adce,0.005449591280653951,0.001192565967288027,1101,16.5194394799218,4.8153839973683e-05,0.00016382880839344927,True,True
adce,mem2reg,0.004420866489832007,0.0011954522655074403,1131,9.74075941808927,0.0018022642326692736,0.0021073497140615643,True,True
adce,sroa,0.006386861313868613,0.00118976302261107,1096,24.509473882085874,7.39453540950298e-07,6.104232373003583e-06,True,True
adce,constmerge,0.004672897196261682,0.00119524909381173,1070,10.714898983385934,0.0010627626037612043,0.001997390156196022,True,True
adce,function-attrs,0.007123775601068566,0.0011870659964109366,1123,32.7672706139791,1.0387924082711251e-08,1.4902675703274218e-07,True,True
adce,instcombine,0.005376344086021506,0.0011926158133054685,1116,16.172177732354452,5.783739480608223e-05,0.00017539307530624936,True,True
dse,iroutliner,0.0046168051708217915,0.001195292386906951,1083,10.497408431548212,0.0011954209288650038,0.001997390156196022,True,True
jump-threading,sroa,0.006352087114337568,0.001189782913379903,1102,24.314374019258846,8.182617121988717e-07,6.104232373003583e-06,True,True
jump-threading,iroutliner,0.006352087114337568,0.001189782913379903,1102,24.314374019258846,8.182617121988717e-07,6.104232373003583e-06,True,True
loop-idiom,simplifycfg,0.005719733079122974,0.0011923932000156014,1049,17.804104339213982,2.4485449173626177e-05,0.00012341989921300762,True,True
loop-idiom,inline,0.00558659217877095,0.001192476254955881,1074,17.170205627181,3.417546814967909e-05,0.00015175535261702737,True,True
loop-deletion,constmerge,0.004389815627743635,0.001195478916099116,1139,9.621319709022385,0.0019233147661313719,0.002154343566867873,True,True
loop-deletion,simplifycfg,0.008241758241758242,0.0011841771640489385,1092,45.034029115663564,1.936400913794891e-11,8.683895570140283e-10,True,True
loop-deletion,jump-threading,0.0046641791044776115,0.0011952557540837905,1072,10.681071136050473,0.0010823736956724274,0.001997390156196022,True,True
loop-deletion,loop-simplifycfg,0.005319148936170213,0.0011926556931196584,1128,15.901358363154225,6.673080683983952e-05,0.00018301905111220692,True,True
gvn,simplifycfg,0.009017132551848512,0.0011814468265335125,1109,56.37303359596333,5.994690060256286e-14,3.1943134178222783e-12,True,True
gvn,gvn-sink,0.005612722170252572,0.001192459643042221,1069,17.294502645891203,3.201116034822312e-05,0.00014740941740601512,True,True
gvn,callsite-splitting,0.005361930294906166,0.0011926257830089837,1119,16.103899756227836,5.996043730005384e-05,0.00017892194490336065,True,True
gvn,mldst-motion,0.004468275245755138,0.0011954122918477897,1119,9.9233764670924,0.0016319273288543175,0.0020839118533764207,True,True
gvn,always-inline,0.004363001745200698,0.001195502236341596,1146,9.518286983312558,0.00203434390928904,0.002204250858051116,True,True
gvn,iroutliner,0.004359197907585004,0.0011955055678790783,1147,9.503678987906046,0.0020506033451574727,0.002204250858051116,True,True
gvn-hoist,simplifycfg,0.006183745583038869,0.0011898823772010735,1132,23.371022772256282,1.335756305794442e-06,8.295227490473797e-06,True,True
gvn-hoist,attributor,0.004629629629629629,0.0011952823959143074,1080,10.54710077869792,0.0011637047970522558,0.001997390156196022,True,True
gvn-hoist,consthoist,0.004363001745200698,0.001195502236341596,1146,9.518286983312558,0.00203434390928904,0.002204250858051116,True,True
gvn-sink,instsimplify,0.004393673110720563,0.0011954755847101738,1138,9.636150512619643,0.001907846625903854,0.0021499298835714127,True,True
gvn-sink,instcombine,0.0072992700729927005,0.001186976692347344,1096,33.90162461442551,5.797027295526687e-09,1.0761948207037357e-07,True,True
gvn-sink,simplifycfg,0.006843455945252352,0.001187218175028287,1169,30.95872413540566,2.635746267474517e-08,3.072291743024984e-07,True,True
gvn-sink,indvars,0.00463821892393321,0.0011952757353453343,1078,10.58039370574239,0.0011429331671955513,0.001997390156196022,True,True
gvn-sink,flattencfg,0.004528985507246377,0.0011953623285323792,1104,10.157667213140918,0.0014370234027694748,0.001997390156196022,True,True
gvn-sink,iroutliner,0.005660377358490566,0.0011924297427639296,1060,17.521333052958116,2.841019972513459e-05,0.00013585903201891283,True,True
newgvn,simplifycfg,0.004553734061930784,0.0011953423443756216,1098,10.253312495771924,0.001364393842528339,0.001997390156196022,True,True
newgvn,libcalls-shrinkwrap,0.004472271914132379,0.0011954089608301544,1118,9.938785351948937,0.001618322987529494,0.002074345272675262,True,True
newgvn,partial-inliner,0.004655493482309125,0.0011952624144300772,1074,10.647378140945648,0.001102270545375493,0.001997390156196022,True,True
newgvn,loop-flatten,0.00441696113074205,0.001195455596766418,1132,9.725729768959672,0.0018170615894236922,0.0021114142456543214,True,True
newgvn,iroutliner,0.009149130832570906,0.0011813941565570162,1093,57.45069821977285,3.465581491958957e-14,2.154436494167818e-12,True,True
newgvn,unreachableblockelim,0.004591368227731864,0.0011953123693933163,1089,10.398904111961658,0.001260901235981541,0.001997390156196022,True,True
early-cse,mem2reg,0.005545286506469501,0.0011925028349804546,1082,16.973833690746645,3.789854273879669e-05,0.00016063814138149053,True,True
early-cse,function-attrs,0.007561436672967864,0.0011868510279077155,1058,35.5989462619287,2.4241863851719584e-09,5.651384510432128e-08,True,True
early-cse,slp-vectorizer,0.004310344827586207,0.0011955488795561142,1160,9.316253820126938,0.002271298987010015,0.002366465145683619,True,True
early-cse,loop-distribute,0.006278026905829596,0.0011898260123273778,1115,23.899122118543403,1.0151804506584578e-06,6.873478430564915e-06,True,True
early-cse,iroutliner,0.006352087114337568,0.001189782913379903,1102,24.314374019258846,8.182617121988717e-07,6.104232373003583e-06,True,True
mergereturn,instcombine,0.004672897196261682,0.00119524909381173,1070,10.714898983385934,0.0010627626037612043,0.001997390156196022,True,True
mergereturn,indvars,0.004258943781942078,0.0011955955264103986,1174,9.119436796005852,0.0025290781302691814,0.00256344060486523,True,True
globalopt,sroa,0.006422018348623854,0.0011897431325072932,1090,24.706799522463232,6.674827040309126e-07,6.104232373003583e-06,True,True
globalopt,called-value-propagation,0.005249343832020997,0.0011927055466381309,1143,15.57125067254178,7.945354787427438e-05,0.00020160662147690028,True,True
strip-dead-prototypes,function-attrs,0.004646840148698885,0.0011952690748505913,1076,10.613819246255241,0.0011224560617982622,0.001997390156196022,True,True
strip-dead-prototypes,elim-avail-extern,0.004734848484848485,0.0011952024739855405,1056,10.95553412582507,0.0009332446710381051,0.001977842399415984,True,True
strip-dead-prototypes,iroutliner,0.004355400696864111,0.001195508899435129,1148,9.489098516419386,0.002066963558812643,0.002215452320221597,True,True
strip-dead-prototypes,global-merge,0.0055762081784386614,0.0011924828998509396,1076,17.120825680337628,3.507557987624338e-05,0.0001539198975745739,True,True
indvars,mem2reg,0.004291845493562232,0.0011955655387290776,1165,9.24537299758593,0.002360912021999032,0.0024326524425570136,True,True
indvars,simplifycfg,0.007285974499089253,0.0011869833070023655,1098,33.815631778113655,6.059005692970093e-09,1.0761948207037357e-07,True,True
indvars,sccp,0.004452359750667854,0.0011954256161039714,1123,9.86203655279015,0.0016872423048784962,0.0020839118533764207,True,True
indvars,mergeicmps,0.0054005400540054005,0.0011925991975033437,1111,16.286836436694394,5.444083532920129e-05,0.00017064228216632002,True,True
indvars,attributor,0.00458295142071494,0.0011953190303705767,1091,10.366327561031701,0.0012833458039884676,0.001997390156196022,True,True
indvars,div-rem-pairs,0.005509641873278237,0.0011925260934739846,1089,16.80448920013421,4.1435165493856146e-05,0.0001637492296523602,True,True
indvars,loop-interchange,0.004690431519699813,0.0011952357734902835,1066,10.782962270224315,0.0010243861248115372,0.001997390156196022,True,True
indvars,nary-reassociate,0.0043975373790677225,0.0011954722533397983,1137,9.651009498184527,0.0018924755407033293,0.0021499298835714127,True,True
indvars,always-inline,0.004528985507246377,0.0011953623285323792,1104,10.157667213140918,0.0014370234027694748,0.001997390156196022,True,True
mergeicmps,mem2reg,0.0054446460980036296,0.001192569290226226,1102,16.495979533427253,4.875334512512834e-05,0.00016382880839344927,True,True
mergeicmps,instsimplify,0.004699248120300752,0.0011952291134408946,1064,10.81719924172949,0.0010056149874091058,0.001997390156196022,True,True
mergeicmps,simplifycfg,0.0045871559633027525,0.0011953156998726667,1090,10.382599801228041,0.001272084468877347,0.001997390156196022,True,True
mergeicmps,newgvn,0.004420866489832007,0.0011954522655074403,1131,9.74075941808927,0.0018022642326692736,0.0021073497140615643,True,True
mergeicmps,attributor,0.006289308176100629,0.0011898193815168387,1113,23.962352328738632,9.82379775488665e-07,6.873478430564915e-06,True,True
mergeicmps,always-inline,0.004655493482309125,0.0011952624144300772,1074,10.647378140945648,0.001102270545375493,0.001997390156196022,True,True
separate-const-offset-from-gep,instcombine,0.005644402634054563,0.0011924397093567513,1063,17.44527608807337,2.9569818835408113e-05,0.00013786928032009032,True,True
separate-const-offset-from-gep,simplifycfg,0.004484304932735426,0.00119539896788863,1115,9.985190653953563,0.0015780421543472407,0.002064114615154301,True,True
separate-const-offset-from-gep,mergeicmps,0.004537205081669692,0.0011953556670725488,1102,10.18942460987605,0.0014124838325668386,0.001997390156196022,True,True
separate-const-offset-from-gep,lower-expect,0.004757373929590866,0.0011951858249289575,1051,11.043136445012262,0.0008901613642199373,0.0019416970108423195,True,True
separate-const-offset-from-gep,div-rem-pairs,0.005479452054794521,0.0011925460300477018,1095,16.661144433679112,4.468699248403562e-05,0.0001637492296523602,True,True
separate-const-offset-from-gep,early-cse-memssa,0.004595588235294118,0.001195309038932525,1088,10.41524058164404,0.0012497957283106684,0.001997390156196022,True,True
libcalls-shrinkwrap,mem2reg,0.006692160611854685,0.0011895972920642438,1046,26.225504765000984,3.0378373859208804e-07,3.4336768028742072e-06,True,True
flattencfg,attributor,0.004633920296570899,0.001195279065620542,1079,10.563730711616408,0.0011532819825845395,0.001997390156196022,True,True
flattencfg,loop-simplifycfg,0.005319148936170213,0.0011926556931196584,1128,15.901358363154225,6.673080683983952e-05,0.00018301905111220692,True,True
loop-unroll,simplifycfg,0.0054894784995425435,0.0011925393844490636,1093,16.70874248769226,4.357970843453162e-05,0.0001637492296523602,True,True
loop-rotate,elim-avail-extern,0.005338078291814947,0.001192642399551923,1124,15.990955237693031,6.364582752421729e-05,0.0001806259470012169,True,True
loop-rotate,simplifycfg,0.0078125,0.0011867386138558697,1024,37.227187857989655,1.051377040629909e-09,3.016643355038123e-08,True,True
loop-rotate,gvn-hoist,0.00539568345323741,0.0011926025206267293,1112,16.263817945488654,5.51062346891798e-05,0.00017128854615886723,True,True
loop-rotate,gvn-sink,0.004351610095735422,0.001195512231009748,1149,9.474545497005884,0.0020834249668266283,0.0022266977439149922,True,True
loop-rotate,attributor,0.006227758007117438,0.0011898558518894187,1124,23.617474653617805,1.1751547473119381e-06,7.680220816975952e-06,True,True
loop-rotate,simple-loop-unswitch,0.0045207956600361665,0.0011953689900664557,1106,10.12603328117978,0.0014618968167332818,0.001997390156196022,True,True
loop-rotate,loop-reroll,0.006024096385542169,0.0011899818576536457,1162,22.478208696566583,2.1254111751524524e-06,1.2196590282028689e-05,True,True
loop-rotate,loop-simplifycfg,0.004476275738585497,0.0011954056298310828,1117,9.954223958078176,0.0016048076096373922,0.002064114615154301,True,True
partial-inliner,simplifycfg,0.0046641791044776115,0.0011952557540837905,1072,10.681071136050473,0.0010823736956724274,0.001997390156196022,True,True
partial-inliner,sccp,0.004608294930875576,0.0011952990476615047,1085,10.464443833387998,0.0012169417985525728,0.001997390156196022,True,True
partial-inliner,gvn,0.004591368227731864,0.0011953123693933163,1089,10.398904111961658,0.001260901235981541,0.001997390156196022,True,True
partial-inliner,flattencfg,0.005434782608695652,0.0011925759361581779,1104,16.44919357899184,4.9971434492869736e-05,0.00016552734656421033,True,True
partial-inliner,sink,0.004508566275924256,0.001195378982506785,1109,10.07881241879939,0.0014998397009784678,0.0020196397417507886,True,True
partial-inliner,hotcoldsplit,0.004725897920604915,0.0011952091337380515,1058,10.920740782236031,0.0009509357690764143,0.001997390156196022,True,True
lower-expect,mem2reg,0.005176876617773943,0.0011927587283185445,1159,15.229061080480774,9.522668215909824e-05,0.00023215393755126562,True,True
lower-expect,simplifycfg,0.0064754856614246065,0.0011897132985985344,1081,25.007042380392235,5.712129643665324e-07,5.606906202860963e-06,True,True
lower-expect,globalsplit,0.004393673110720563,0.0011954755847101738,1138,9.636150512619643,0.001907846625903854,0.0021499298835714127,True,True
rpo-function-attrs,mergefunc,0.004420866489832007,0.0011954522655074403,1131,9.74075941808927,0.0018022642326692736,0.0021073497140615643,True,True
rpo-function-attrs,inline,0.004405286343612335,0.0011954655906547473,1135,9.680812313106163,0.0018620228934516346,0.0021370293515614145,True,True
attributor,mem2reg,0.005479452054794521,0.0011925460300477018,1095,16.661144433679112,4.468699248403562e-05,0.0001637492296523602,True,True
attributor,instcombine,0.007239819004524887,0.0011870064588755203,1105,33.517175145908155,7.063746886893658e-09,1.1976261767324248e-07,True,True
attributor,simplifycfg,0.004612546125461255,0.0011952957172749487,1084,10.480909829509855,0.0012061434376452866,0.001997390156196022,True,True
attributor,gvn,0.004291845493562232,0.0011955655387290776,1165,9.24537299758593,0.002360912021999032,0.0024326524425570136,True,True
attributor,mergeicmps,0.005212858384013901,0.00119273213688552,1151,15.39890078263188,8.703891048148098e-05,0.0002164367573972827,True,True
attributor,flattencfg,0.004317789291882556,0.0011955422160169215,1158,9.34479193371903,0.002236200399539986,0.0023562224548825277,True,True
attributor,loop-reduce,0.004545454545454545,0.0011953490056869636,1100,10.221306144684673,0.0013882750079262291,0.001997390156196022,True,True
attributor,inferattrs,0.004748338081671415,0.0011951924844959296,1053,11.007988906132345,0.0009072002358101446,0.00196735865091386,True,True
attributor,hotcoldsplit,0.004424778761061947,0.001195448934267028,1130,9.755817775580736,0.0017875610695307841,0.0021073497140615643,True,True
attributor,lowerswitch,0.005199306759098787,0.0011927421085339584,1154,15.334919535201486,9.00367509248775e-05,0.00022094544799328492,True,True
attributor,early-cse-memssa,0.0044365572315882874,0.0011954389406571848,1127,9.801165862247467,0.0017440126824951473,0.0021073497140615643,True,True
attributor,iroutliner,0.00818926296633303,0.0011842002608026926,1099,44.64981770094471,2.356195308276445e-11,8.683895570140283e-10,True,True
inferattrs,adce,0.004405286343612335,0.0011954655906547473,1135,9.680812313106163,0.0018620228934516346,0.0021370293515614145,True,True
inferattrs,newgvn,0.004557885141294439,0.0011953390137477919,1097,10.269362690711537,0.0013525751708459775,0.001997390156196022,True,True
inferattrs,consthoist,0.0043782837127845885,0.0011954889103773453,1142,9.576995649878816,0.0019703056324835715,0.0021807833855085226,True,True
called-value-propagation,deadargelim,0.004629629629629629,0.0011952823959143074,1080,10.54710077869792,0.0011637047970522558,0.001997390156196022,True,True
called-value-propagation,instcombine,0.004389815627743635,0.001195478916099116,1139,9.621319709022385,0.0019233147661313719,0.002154343566867873,True,True
called-value-propagation,memcpyopt,0.004512635379061372,0.0011953756516747797,1108,10.094522145554501,0.0014871071844269046,0.0020097499267798385,True,True
called-value-propagation,loop-rotate,0.005571030640668524,0.0011924862223262396,1077,17.09620778061162,3.553318488588265e-05,0.00015411486002830498,True,True
called-value-propagation,alignment-from-assumptions,0.005758157389635317,0.0011923699467055208,1042,17.987301363322953,2.2238352244573793e-05,0.00011682965334121163,True,True
called-value-propagation,loop-sink,0.0046641791044776115,0.0011952557540837905,1072,10.681071136050473,0.0010823736956724274,0.001997390156196022,True,True
licm,simplifycfg,0.007714561234329798,0.001186781593184642,1037,36.5917087185418,1.4564991555045274e-09,3.621827900021258e-08,True,True
licm,partial-inliner,0.004708097928436911,0.0011952224534657271,1062,10.851574129577264,0.0009871181072566991,0.001997390156196022,True,True
loop-simplify,sroa,0.00432152117545376,0.00119553888427518,1157,9.359101076697128,0.002218809403464957,0.002344520984397816,True,True
loop-simplify,simplifycfg,0.004743833017077799,0.0011951958143072462,1054,10.990468543425191,0.0009158165504059896,0.0019745640075227405,True,True
loop-simplify,loop-rotate,0.00545950864422202,0.0011925593214671822,1099,16.566493920740054,4.697363960536874e-05,0.0001637492296523602,True,True
loop-simplify,loop-reroll,0.004721435316336166,0.0011952124636421383,1059,10.90339676346569,0.0009598808087462098,0.001997390156196022,True,True
div-rem-pairs,sroa,0.005494505494505495,0.0011925360616775193,1092,16.732610151196806,4.3034895718338945e-05,0.0001637492296523602,True,True
div-rem-pairs,simplifycfg,0.005429864253393665,0.0011925792591519313,1105,16.425867328664104,5.059012736815007e-05,0.00016552734656421033,True,True
div-rem-pairs,lowerswitch,0.00471253534401508,0.001195219123505976,1061,10.868813535808615,0.0009779716253336278,0.001997390156196022,True,True
float2int,gvn,0.0044014084507042256,0.0011954689219879895,1136,9.665896740123731,0.0018772010998931784,0.002147840522270416,True,True
float2int,loop-versioning,0.004405286343612335,0.0011954655906547473,1135,9.680812313106163,0.0018620228934516346,0.0021370293515614145,True,True
inline,constmerge,0.004512635379061372,0.0011953756516747797,1108,10.094522145554501,0.0014871071844269046,0.0020097499267798385,True,True
inline,simplifycfg,0.0079155672823219,0.0011843256589030636,1137,42.648403863908264,6.551786888495034e-11,2.0365137578405398e-09,True,True
inline,indvars,0.004524886877828055,0.0011953656592901367,1105,10.141834855954404,0.0014494181851827449,0.001997390156196022,True,True
inline,loop-rotate,0.004668534080298786,0.0011952524239384821,1071,10.697968155981494,0.0010725326112776123,0.001997390156196022,True,True
inline,loop-distribute,0.004537205081669692,0.0011953556670725488,1102,10.18942460987605,0.0014124838325668386,0.001997390156196022,True,True
sink,attributor,0.004612546125461255,0.0011952957172749487,1084,10.480909829509855,0.0012061434376452866,0.001997390156196022,True,True
sink,vector-combine,0.0048216007714561235,0.001195139210038055,1037,11.293222279891316,0.0007779055101073296,0.001780115063006343,True,True
sink,always-inline,0.004424778761061947,0.001195448934267028,1130,9.755817775580736,0.0017875610695307841,0.0021073497140615643,True,True
sink,simple-loop-unswitch,0.004562043795620438,0.0011953356831385224,1096,10.285444346293355,0.001340837262043153,0.001997390156196022,True,True
slp-vectorizer,sroa,0.006660323501427212,0.0011896138630411769,1051,26.046301887286123,3.3332669909660964e-07,3.656789963618688e-06,True,True
slp-vectorizer,simplifycfg,0.004363001745200698,0.001195502236341596,1146,9.518286983312558,0.00203434390928904,0.002204250858051116,True,True
slp-vectorizer,gvn-sink,0.005172413793103448,0.0011927620523310416,1160,15.208005029121917,9.629436049888332e-05,0.00023323244458495765,True,True
callsite-splitting,global-merge,0.005597014925373134,0.0011924696101348771,1072,17.21977866686207,3.329518569723416e-05,0.0001514524910374188,True,True
dfa-jump-threading,simplifycfg,0.0053475935828877,0.0011926357528791844,1122,16.036005912258936,6.21492617592905e-05,0.0001806259470012169,True,True
dfa-jump-threading,sink,0.0046210720887245845,0.0011952890565575117,1082,10.513939729889245,0.0011847738999854317,0.001997390156196022,True,True
dfa-jump-threading,iroutliner,0.0046210720887245845,0.0011952890565575117,1082,10.513939729889245,0.0011847738999854317,0.001997390156196022,True,True
consthoist,mem2reg,0.004456327985739751,0.0011954222850120797,1122,9.877327345649947,0.0016732781199256443,0.0020839118533764207,True,True
consthoist,function-attrs,0.004537205081669692,0.0011953556670725488,1102,10.18942460987605,0.0014124838325668386,0.001997390156196022,True,True
consthoist,simplifycfg,0.006340579710144928,0.0011897895437839765,1104,24.249829077229904,8.461459183268186e-07,6.171735314755584e-06,True,True
consthoist,float2int,0.004325259515570935,0.0011955355525520087,1156,9.373437036244637,0.0022015233761663268,0.0023328642594035226,True,True
consthoist,load-store-vectorizer,0.004492362982929021,0.0011953923060204303,1113,10.016277197189458,0.001551627790292573,0.0020523303751032967,True,True
mldst-motion,instcombine,0.004690431519699813,0.0011952357734902835,1066,10.782962270224315,0.0010243861248115372,0.001997390156196022,True,True
mldst-motion,alignment-from-assumptions,0.0045662100456621,0.0011953323525478133,1095,10.301557548692749,0.00132917973371976,0.001997390156196022,True,True
mldst-motion,slsr,0.004336513443191674,0.0011955255574939109,1153,9.416606511873429,0.0021502908938519053,0.0022850669612728223,True,True
slsr,deadargelim,0.00545950864422202,0.0011925593214671822,1099,16.566493920740054,4.697363960536874e-05,0.0001637492296523602,True,True
slsr,instcombine,0.004646840148698885,0.0011952690748505913,1076,10.613819246255241,0.0011224560617982622,0.001997390156196022,True,True
loop-interchange,mem2reg,0.0052863436123348016,0.001192678957576298,1135,15.746163820131184,7.243467687300746e-05,0.00019161797499029634,True,True
loop-interchange,dce,0.00463821892393321,0.0011952757353453343,1078,10.58039370574239,0.0011429331671955513,0.001997390156196022,True,True
loop-interchange,partial-inliner,0.004480286738351254,0.0011954022988505746,1116,9.969692365358178,0.001591380797554603,0.002064114615154301,True,True
loop-interchange,early-cse-memssa,0.004488330341113106,0.0011953956369452486,1114,10.000718904316786,0.0015647912837745677,0.002062428087801815,True,True
loop-fusion,mem2reg,0.005376344086021506,0.0011926158133054685,1116,16.172177732354452,5.783739480608223e-05,0.00017539307530624936,True,True
loop-fusion,simplifycfg,0.006334841628959276,0.0011897928590137259,1105,24.21764742531536,8.604027784645854e-07,6.171735314755584e-06,True,True
loop-fusion,sink,0.004366812227074236,0.0011954989048226815,1145,9.532922574736611,0.0020181848352112688,0.002204250858051116,True,True
loop-fusion,nary-reassociate,0.004591368227731864,0.0011953123693933163,1089,10.398904111961658,0.001260901235981541,0.001997390156196022,True,True
loop-fusion,iroutliner,0.004599816007359705,0.0011953057084902927,1087,10.431609299012049,0.0012387675696602905,0.001997390156196022,True,True
loop-distribute,constmerge,0.004476275738585497,0.0011954056298310828,1117,9.954223958078176,0.0016048076096373922,0.002064114615154301,True,True
loop-distribute,speculative-execution,0.0044964028776978415,0.0011953889751141749,1112,10.031865613603609,0.001538551279057604,0.002049570096744594,True,True
loop-load-elim,newgvn,0.005390835579514825,0.0011926058437686344,1113,16.2408429463482,5.5778532568345896e-05,0.00017194539378506628,True,True
loop-load-elim,always-inline,0.00554016620498615,0.0011925061575668416,1083,16.94950102984183,3.838740797125183e-05,0.0001608820581267071,True,True
loop-sink,correlated-propagation,0.004273504273504274,0.0011955821983663164,1170,9.175148887792808,0.002453234091525034,0.002507003605859829,True,True
loop-sink,global-merge,0.004432624113475178,0.0011954422718419007,1128,9.786020920986797,0.001758435699732336,0.0021073497140615643,True,True
loop-unroll-and-jam,simple-loop-unswitch,0.0045662100456621,0.0011953323525478133,1095,10.301557548692749,0.00132917973371976,0.001997390156196022,True,True
loop-unroll-and-jam,loop-versioning,0.004659832246039142,0.0011952590842476555,1073,10.66420782908912,0.0010922862193054655,0.001997390156196022,True,True
hotcoldsplit,simplifycfg,0.006172839506172839,0.0011898890087137773,1134,23.309973928469304,1.378831379113607e-06,8.295227490473797e-06,True,True
hotcoldsplit,gvn-sink,0.004420866489832007,0.0011954522655074403,1131,9.74075941808927,0.0018022642326692736,0.0021073497140615643,True,True
hotcoldsplit,sink,0.0055248618784530384,0.0011925161254370935,1086,16.876785005397476,3.988644613603539e-05,0.0001637492296523602,True,True
hotcoldsplit,consthoist,0.004480286738351254,0.0011954022988505746,1116,9.969692365358178,0.001591380797554603,0.002064114615154301,True,True
irce,simplifycfg,0.006211180124223602,0.0011898657987426992,1127,23.524629475579665,1.2332490481215166e-06,7.796642287276707e-06,True,True
irce,libcalls-shrinkwrap,0.0043782837127845885,0.0011954889103773453,1142,9.576995649878816,0.0019703056324835715,0.0021807833855085226,True,True
irce,loop-simplify,0.0044603033006244425,0.0011954189539387522,1121,9.892647543110309,0.0016594044957215519,0.0020839118533764207,True,True
irce,simple-loop-unswitch,0.004432624113475178,0.0011954422718419007,1128,9.786020920986797,0.001758435699732336,0.0021073497140615643,True,True
irce,iroutliner,0.004440497335701598,0.0011954356094910341,1126,9.816339818564588,0.0017296822377269162,0.0021073497140615643,True,True
nary-reassociate,mem2reg,0.004464285714285714,0.001195415622883989,1120,9.907997223915784,0.0016456210319211546,0.0020839118533764207,True,True
nary-reassociate,iroutliner,0.004734848484848485,0.0011952024739855405,1056,10.95553412582507,0.0009332446710381051,0.001977842399415984,True,True
scalarizer,dse,0.004524886877828055,0.0011953656592901367,1105,10.141834855954404,0.0014494181851827449,0.001997390156196022,True,True
vector-combine,function-attrs,0.004314063848144953,0.0011955455477772328,1159,9.330509537914486,0.002253696786506026,0.002366465145683619,True,True
vector-combine,iroutliner,0.005714285714285714,0.0011923965219910793,1050,17.77814175636416,2.4821857252874815e-05,0.00012344737007096408,True,True
always-inline,iroutliner,0.005474452554744526,0.0011925493528747962,1096,16.637413792708493,4.524956650821101e-05,0.0001637492296523602,True,True
globalsplit,sroa,0.007789678675754625,0.001186748531886206,1027,37.07907662535211,1.1343439629079633e-09,3.022216415461931e-08,True,True
globalsplit,libcalls-shrinkwrap,0.004393673110720563,0.0011954755847101738,1138,9.636150512619643,0.001907846625903854,0.0021499298835714127,True,True
globalsplit,loop-unroll,0.004500450045004501,0.0011953856442264825,1111,10.047484234883024,0.0015255613559299161,0.002039549769755766,True,True
lowerswitch,sroa,0.004835589941972921,0.0011951292216059305,1034,11.34775185066593,0.0007553935557713502,0.001739270347547615,True,True
early-cse-memssa,simplifycfg,0.007174887892376682,0.0011870395345467515,1115,33.097488140809354,8.76518830340723e-09,1.3077660948683586e-07,True,True
early-cse-memssa,jump-threading,0.0046641791044776115,0.0011952557540837905,1072,10.681071136050473,0.0010823736956724274,0.001997390156196022,True,True
early-cse-memssa,inline,0.004570383912248629,0.0011953290219756643,1094,10.317702384400173,0.0013176022042385496,0.001997390156196022,True,True
simple-loop-unswitch,simplifycfg,0.006398537477148081,0.0011897563925025844,1094,24.574999978647977,7.147300747382344e-07,6.104232373003583e-06,True,True
simple-loop-unswitch,dfa-jump-threading,0.005957446808510639,0.0011900249710157852,1175,22.106042241854375,2.5799640358064736e-06,1.436308336351962e-05,True,True
loop-versioning,loop-flatten,0.004557885141294439,0.0011953390137477919,1097,10.269362690711537,0.0013525751708459775,0.001997390156196022,True,True
loop-versioning,global-merge,0.004424778761061947,0.001195448934267028,1130,9.755817775580736,0.0017875610695307841,0.0021073497140615643,True,True
loop-versioning,break-crit-edges,0.0045045045045045045,0.0011953823133573525,1110,10.063133142644546,0.0015126576274772693,0.0020295730037734583,True,True
loop-flatten,strip-dead-prototypes,0.0052863436123348016,0.001192678957576298,1135,15.746163820131184,7.243467687300746e-05,0.00019161797499029634,True,True
loop-flatten,iroutliner,0.0046816479400749065,0.0011952424336138948,1068,10.748862440399812,0.0010434343741367613,0.001997390156196022,True,True
loop-reroll,separate-const-offset-from-gep,0.004336513443191674,0.0011955255574939109,1153,9.416606511873429,0.0021502908938519053,0.0022850669612728223,True,True
loop-reroll,iroutliner,0.00425531914893617,0.0011955988584678497,1175,9.105573109299097,0.0025483186011200165,0.0025759426509966562,True,True
loop-instsimplify,mem2reg,0.004456327985739751,0.0011954222850120797,1122,9.877327345649947,0.0016732781199256443,0.0020839118533764207,True,True
loop-instsimplify,newgvn,0.00546448087431694,0.0011925559985845363,1098,16.590088660105682,4.639283773867596e-05,0.0001637492296523602,True,True
loop-simplifycfg,function-attrs,0.005825242718446602,0.0011923300859982004,1030,18.30740871653787,1.8797470705738015e-05,0.00010161531265565622,True,True
loop-simplifycfg,simplifycfg,0.004424778761061947,0.001195448934267028,1130,9.755817775580736,0.0017875610695307841,0.0021073497140615643,True,True
loop-predication,loop-simplifycfg,0.004359197907585004,0.0011955055678790783,1147,9.503678987906046,0.0020506033451574727,0.002204250858051116,True,True
speculative-execution,hotcoldsplit,0.0044444444444444444,0.0011954322783434485,1125,9.831542867293933,0.0017154439617633123,0.0021048045978214326,True,True
partially-inline-libcalls,simplifycfg,0.004775549188156638,0.0011951725060176518,1047,11.11386163262318,0.000856848998295238,0.0019138004572702022,True,True
partially-inline-libcalls,gvn-sink,0.004655493482309125,0.0011952624144300772,1074,10.647378140945648,0.001102270545375493,0.001997390156196022,True,True
partially-inline-libcalls,early-cse,0.004651162790697674,0.0011952657446310556,1075,10.630581977818606,0.001112327037917209,0.001997390156196022,True,True
partially-inline-libcalls,sink,0.004266211604095563,0.0011955888623512133,1172,9.14724124119476,0.0024909334015498666,0.0025316571083871943,True,True
partially-inline-libcalls,lowerswitch,0.00484027105517909,0.0011951258921656573,1033,11.36600336415342,0.0007480065804867668,0.001732959344854435,True,True
load-store-vectorizer,simplifycfg,0.006363636363636364,0.0011897762830497282,1100,24.37916224627235,7.911989189283673e-07,6.104232373003583e-06,True,True
load-store-vectorizer,loop-distribute,0.004393673110720563,0.0011954755847101738,1138,9.636150512619643,0.001907846625903854,0.0021499298835714127,True,True
iroutliner,correlated-propagation,0.0065298507462686565,0.001189683466185964,1072,25.312504800484707,4.875377863184623e-07,5.051433174910735e-06,True,True
iroutliner,constmerge,0.004892367906066536,0.0011950892695469526,1022,11.569280993599609,0.0006705034028392815,0.0015631110578690748,True,True
iroutliner,simplifycfg,0.023529411764705882,0.0011368512563878224,1105,458.7335178105839,9.06776966773613e-102,3.382278086065576e-99,True,True
iroutliner,adce,0.005998286203941731,0.001189998439346309,1167,22.33404605393744,2.2910848972251334e-06,1.2948101010075374e-05,True,True
iroutliner,jump-threading,0.005333333333333333,0.0011926457229160744,1125,15.968493127865989,6.440549852858405e-05,0.0001806259470012169,True,True
iroutliner,gvn,0.005263157894736842,0.0011926955756010155,1140,15.636539823186013,7.675696505358478e-05,0.00019882186086796615,True,True
iroutliner,gvn-hoist,0.0050933786078098476,0.0011928218877242463,1178,14.835453292909516,0.00011730935435535318,0.0002787031157614442,True,True
iroutliner,gvn-sink,0.005159071367153913,0.0011927720244796951,1163,15.14506636474404,9.955812583769377e-05,0.00023804603165038316,True,True
iroutliner,newgvn,0.0055147058823529415,0.001192522770776505,1088,16.828541325410875,4.091332402911272e-05,0.0001637492296523602,True,True
iroutliner,separate-const-offset-from-gep,0.005319148936170213,0.0011926556931196584,1128,15.901358363154225,6.673080683983952e-05,0.00018301905111220692,True,True
iroutliner,lower-expect,0.004570383912248629,0.0011953290219756643,1094,10.317702384400173,0.0013176022042385496,0.001997390156196022,True,True
iroutliner,inferattrs,0.005676442762535478,0.001192419776337711,1057,17.59784191916505,2.7289785905109554e-05,0.00013219597587799825,True,True
iroutliner,float2int,0.004578754578754579,0.0011953223608870461,1092,10.35008730328498,0.001294685619088,0.001997390156196022,True,True
iroutliner,callsite-splitting,0.004646840148698885,0.0011952690748505913,1076,10.613819246255241,0.0011224560617982622,0.001997390156196022,True,True
iroutliner,consthoist,0.0074211502782931356,0.001186917163769493,1078,34.69031079210207,3.865507278176127e-09,8.481377733880561e-08,True,True
iroutliner,slsr,0.0043782837127845885,0.0011954889103773453,1142,9.576995649878816,0.0019703056324835715,0.0021807833855085226,True,True
iroutliner,loop-unroll-and-jam,0.004424778761061947,0.001195448934267028,1130,9.755817775580736,0.0017875610695307841,0.0021073497140615643,True,True
iroutliner,irce,0.0047984644913627635,0.0011951558577959543,1042,11.203083084983787,0.0008166154040859527,0.0018460457316609718,True,True
iroutliner,always-inline,0.005911330049261084,0.0011922802638616508,1015,18.718659313819213,1.5149278637508772e-05,8.309824899692312e-05,True,True
iroutliner,globalsplit,0.006129597197898424,0.0011899155355037912,1142,23.06799949703169,1.5637170869503493e-06,9.25819799099175e-06,True,True
iroutliner,loop-reroll,0.00441696113074205,0.001195455596766418,1132,9.725729768959672,0.0018170615894236922,0.0021114142456543214,True,True
iroutliner,speculative-execution,0.0054446460980036296,0.001192569290226226,1102,16.495979533427253,4.875334512512834e-05,0.00016382880839344927,True,True
iroutliner,load-store-vectorizer,0.004537205081669692,0.0011953556670725488,1102,10.18942460987605,0.0014124838325668386,0.001997390156196022,True,True
iroutliner,break-crit-edges,0.005550416281221091,0.0011924995124125825,1081,16.99821356202507,3.741500488285435e-05,0.00016041145771614564,True,True
iroutliner,unreachableblockelim,0.006381039197812215,0.0011897663376930236,1097,24.476803656594836,7.520987996087273e-07,6.104232373003583e-06,True,True
global-merge,sroa,0.0053523639607493305,0.0011926324295705967,1121,16.058594702573366,6.141224445237443e-05,0.00018036824551760362,True,True
global-merge,simplifycfg,0.008211678832116789,0.0011841903620836178,1096,44.81386598972738,2.1668281309950758e-11,8.683895570140283e-10,True,True
global-merge,adce,0.004633920296570899,0.001195279065620542,1079,10.563730711616408,0.0011532819825845395,0.001997390156196022,True,True
global-merge,alignment-from-assumptions,0.004516711833785004,0.0011953723208613367,1107,10.110262405413845,0.0014744596865341147,0.0020072024199898715,True,True
break-crit-edges,loop-unroll,0.004757373929590866,0.0011951858249289575,1051,11.043136445012262,0.0008901613642199373,0.0019416970108423195,True,True
break-crit-edges,consthoist,0.0045207956600361665,0.0011953689900664557,1106,10.12603328117978,0.0014618968167332818,0.001997390156196022,True,True
unreachableblockelim,sroa,0.004562043795620438,0.0011953356831385224,1096,10.285444346293355,0.001340837262043153,0.001997390156196022,True,True
unreachableblockelim,jump-threading,0.004528985507246377,0.0011953623285323792,1104,10.157667213140918,0.0014370234027694748,0.001997390156196022,True,True
unreachableblockelim,gvn-sink,0.004452359750667854,0.0011954256161039714,1123,9.86203655279015,0.0016872423048784962,0.0020839118533764207,True,True
unreachableblockelim,mergereturn,0.005420054200542005,0.0011925859051949933,1107,16.37934767910577,5.184708367923775e-05,0.00016671519148582481,True,True
