benchmark,domain_class
anghabench__8cc__extr_parse_c_read_declarator,string_parse
anghabench__8cc__extr_parse_c_read_struct_initializer_sub,string_parse
anghabench__AppImageKit__extr_appimagetool_c_extract_arch_from_text,string_parse
anghabench__AppImageKit__extr_runtime_c_private_sqfs_stat,systems
anghabench__Arduino__extr_ip_addr_c_ipaddr_aton,string_parse
anghabench__Arduino__extr_pbuf_c_pbuf_realloc,pointer_data
anghabench__Atlas__extr_chassis_frontend_c_chassis_frontend_init_plugins,systems
anghabench__Atlas__extr_network_mysqld_lua_c_proxy_connection_set,systems
anghabench__Cello__extr_regexp9_c_evaluntil,string_parse
anghabench__Cello__extr_sudoku_c_c_sd_solve,general
anghabench__Cinder__extr_framing_c_ogg_stream_iovecin,multimedia
anghabench__Cinder__extr_gl_load_c_LoadExt_EXT_histogram,multimedia
anghabench__Craft__extr_sqlite3_c_reloadTableSchema,systems
anghabench__Craft__extr_sqlite3_c_substrFunc,string_parse
anghabench__DOOM__extr_d_net_c_NetUpdate,systems
anghabench__DOOM__extr_p_plats_c_T_PlatRaise,multimedia
anghabench__FFmpeg__extr_atrac1_c_atrac1_decode_frame,multimedia
anghabench__FFmpeg__extr_sheervideo_c_decode_c82i,multimedia
anghabench__GloVe__extr_cooccur_c_merge_files,systems
anghabench__GloVe__extr_shuffle_c_shuffle_by_chunks,general
anghabench__HandBrake__extr_preset_c_import_deint_11_0_0,multimedia
anghabench__HandBrake__extr_stream_c_ffmpeg_parse_vobsub_extradata_mkv,multimedia
anghabench__How-to-Make-a-Computer-Operating-System__extr_getopt_c__getopt_initialize,string_parse
anghabench__How-to-Make-a-Computer-Operating-System__extr_getopt_c_exchange,string_parse
anghabench__Mirai-Source-Code__extr_attack_udp_c_get_dns_resolver,systems
anghabench__Mirai-Source-Code__extr_server_c_server_telnet_probe,systems
anghabench__Provenance__extr_sh2rec_c_generateMOVWI,string_parse
anghabench__Provenance__extr_yuirange_c_yui_range_new,general
anghabench__Quake-III-Arena__extr_cm_load_c_CMod_LoadSubmodels,multimedia
anghabench__Quake-III-Arena__extr_g_missile_c_fire_rocket,multimedia
anghabench__RetroArch__extr_network_c_accept_func,systems
anghabench__RetroArch__extr_spdif_c_spdif_input_port_format_commit,multimedia
anghabench__SoftEtherVPN__extr_Kernel_c_c_mkgmtime,general
anghabench__SoftEtherVPN__extr_TcpIp_c_DhcpModifyIPv4,systems
anghabench__TDengine__extr_isoir165ext_h_isoir165ext_wctomb,string_parse
anghabench__TDengine__extr_vnodeQueryImpl_c_cacheBoundaryCheck,systems
anghabench__ZipArchive__extr_mz_zip_rw_c_mz_zip_reader_open_file_in_memory,systems
anghabench__ZipArchive__extr_mz_zip_rw_c_mz_zip_writer_open_file_in_memory,systems
anghabench__anypixel__extr_mem_c_mem_free,pointer_data
anghabench__anypixel__extr_stm32f4xx_rcc_c_RCC_GetClocksFreq,systems
anghabench__arduino-esp32__extr_cdecode_c_base64_decode_block_signed,crypto
anghabench__arduino-esp32__extr_esp32_hal_spi_c_spiStartBus,systems
anghabench__beanstalkd__extr_prot_c_h_accept,systems
anghabench__beanstalkd__extr_testserv_c_cttest_binlog_disk_full,systems
anghabench__bitwise__extr_lex_c_scan_int,string_parse
anghabench__bitwise__extr_parse_c_parse_decl_func,string_parse
anghabench__borg__extr_divsufsort_c_sssort,general
anghabench__borg__extr_zstd_v07_c_HUFv07_readDTableX2,crypto
anghabench__brotli__extr_huffman_c_BrotliBuildSimpleHuffmanTable,crypto
anghabench__brotli__extr_metablock_c_ComputeDistanceCost,crypto
anghabench__c4__extr_c4_c_expr,string_parse
anghabench__c4__extr_c4_c_stmt,string_parse
anghabench__capstone__extr_M68KDisassembler_c_d68010_movec,string_parse
anghabench__capstone__extr_cs_c_fill_insn,string_parse
anghabench__ccv__extr_sqlite3_c_clearDatabasePage,systems
anghabench__ccv__extr_sqlite3_c_pcache1Create,pointer_data
anghabench__citus__extr_placement_connection_c_InitPlacementConnectionManagement,systems
anghabench__citus__extr_query_pushdown_planning_c_DeferErrorIfFromClauseRecurs,systems
anghabench__curl__extr_imap_c_imap_state_select_resp,systems
anghabench__curl__extr_sessioninfo_c_wrfu,systems
anghabench__darknet__extr_go_c_run_go,general
anghabench__darknet__extr_stb_image_h_stbi__load_gif_main,multimedia
anghabench__darwin-xnu__extr_dtrace_c_dtrace_speculation_buffer,systems
anghabench__darwin-xnu__extr_turnstile_multihop_c_expect_kevent_id_recv,systems
anghabench__db_tutorial__extr_db_c_create_new_root,pointer_data
anghabench__db_tutorial__extr_db_c_internal_node_insert,pointer_data
anghabench__disque__extr_cluster_c_clusterBuildMessageHdr,systems
anghabench__disque__extr_disque_check_aof_c_main,systems
anghabench__dsvpn__extr_os_c_shell_cmd,systems
anghabench__dsvpn__extr_vpn_c_firewall_rules,systems
anghabench__esp-idf__extr_btc_a2dp_sink_c_btc_a2dp_sink_enque_buf,multimedia
anghabench__esp-idf__extr_mesh_bearer_adapt_c_bt_mesh_hci_init,systems
anghabench__exploitdb__extr_43987_c_RegisterProcessByIOCTL,systems
anghabench__fastdfs__extr_fdfs_download_file_c_main,systems
anghabench__fastdfs__extr_storage_disk_recovery_c_storage_disk_recovery_start,systems
anghabench__fastsocket__extr_synclink_gt_c_rx_async,systems
anghabench__fastsocket__extr_tty_audit_c_tty_audit_add_data,systems
anghabench__ffmpeg-libav-tutorial__extr_0_hello_world_c_save_gray_frame,multimedia
anghabench__ffmpeg-libav-tutorial__extr_2_remuxing_c_main,multimedia
anghabench__freebsd__extr_sqlite3_c_clearDatabasePage,systems
anghabench__freebsd__extr_wc_db_c_set_props_txn,systems
anghabench__gb-studio__extr_Scene_b_c_SceneUpdateActorMovement_b,multimedia
anghabench__gb-studio__extr_realloc_c_realloc,pointer_data
anghabench__git__extr_revision_c_leave_one_treesame_to_parent,pointer_data
anghabench__git__extr_wt_status_c_wt_longstatus_print_tracking,string_parse
anghabench__glfw__extr_heightmap_c_make_mesh,multimedia
anghabench__glfw__extr_wl_window_c__glfwPlatformCreateWindowSurface,multimedia
anghabench__goaccess__extr_goaccess_c_main,systems
anghabench__goaccess__extr_websocket_c_ws_handle_ping,systems
anghabench__h2o__extr_http1_c_on_send_complete,systems
anghabench__h2o__extr_parson_c_parse_object_value,string_parse
anghabench__hashcat__extr_bench_verify_c_main,crypto
anghabench__hashcat__extr_outfile_c_build_crackpos,crypto
anghabench__hiredis__extr_hiredis_c_redisConnectWithOptions,systems
anghabench__hiredis__extr_ssl_c_redisSSLConnect,crypto
anghabench__htop__extr_Action_c_Action_pickFromVector,systems
anghabench__htop__extr_ColorsPanel_c_ColorsPanel_eventHandler,systems
anghabench__http-parser__extr_http_parser_c_http_parse_host,string_parse
anghabench__http-parser__extr_http_parser_c_http_parse_host_char,string_parse
anghabench__i3__extr_bindings_c_load_keymap,systems
anghabench__i3__extr_sighandler_c_sighandler_draw_dialog,systems
anghabench__ijkplayer__extr_android_nativewindow_c_android_render_yv12_on_yv12,multimedia
anghabench__ijkplayer__extr_ijkiourlhook_c_ijkio_urlhook_call_inject,multimedia
anghabench__ios-webkit-debug-proxy__extr_ios_webkit_debug_proxy_c_iwdp_iport_close,systems
anghabench__ios-webkit-debug-proxy__extr_socket_manager_c_sm_remove_fd,systems
anghabench__ish__extr_mmap_c_do_mmap,systems
anghabench__ish__extr_signal_c_deliver_signal_unlocked,systems
anghabench__japronto__extr_cpipeline_c_Pipeline__task_done,systems
anghabench__japronto__extr_picohttpparser_c_get_token_to_eol,string_parse
anghabench__jemalloc__extr_arena_c_arena_bin_malloc_hard,pointer_data
anghabench__jemalloc__extr_tcache_c_tsd_tcache_data_init,pointer_data
anghabench__jerryscript__extr_main_unix_test_c_main,string_parse
anghabench__jerryscript__extr_test_ext_arg_c_test_validator_restore_handler,string_parse
anghabench__jq__extr_decNumber_c_decNumberInvert,numeric
anghabench__jq__extr_decNumber_c_decNumberReduce,numeric
anghabench__kcp__extr_ikcp_c_ikcp_ack_push,systems
anghabench__kcp__extr_ikcp_c_ikcp_create,systems
anghabench__kilo__extr_kilo_c_editorMoveCursor,systems
anghabench__kilo__extr_kilo_c_enableRawMode,systems
anghabench__kphp-kdb__extr_copyfast_engine_data_c_delete_relative,systems
anghabench__kphp-kdb__extr_photo_data_c_user_add_photo_location_engine,systems
anghabench__lab__extr_dmlab_module_c_make_observation,multimedia
anghabench__lab__extr_g_missile_c_fire_rocket,multimedia
anghabench__lede__extr_dataflash_c_AT91F_DataflashInit,systems
anghabench__lede__extr_mvsw61xx_c_mvsw61xx_vtu_program,systems
anghabench__libevent__extr_http_c_evhttp_connection_incoming_fail,systems
anghabench__libevent__extr_watch_timing_c_histogram_query,numeric
anghabench__libgit2__extr_index_c_add_repo_as_submodule,systems
anghabench__libgit2__extr_worktree_c_assert_ignore_case,systems
anghabench__libsodium__extr_argon2_c_argon2_ctx,crypto
anghabench__libsodium__extr_scalarmult8_c_xmain,crypto
anghabench__libui__extr_drawtests_c_drawCSFillAndStroke2,multimedia
anghabench__libui__extr_drawtests_c_drawCSSetLineJoin,multimedia
anghabench__libuv__extr_os390_c_uv_exepath,systems
anghabench__libuv__extr_test_udp_ipv6_c_do_test,systems
anghabench__linux__extr_blk_zoned_c_blkdev_reset_zones,systems
anghabench__linux__extr_safexcel_cipher_c_safexcel_aead_ccm_setkey,crypto
anghabench__lwan__extr_lwan_mod_serve_files_c_dirlist_init,systems
anghabench__lwan__extr_techempower_c_fortune_list_generator,string_parse
anghabench__lz4__extr_lz4cli_c_usage_advanced,string_parse
anghabench__lz4__extr_lz4io_c_LZ4IO_openDstFile,systems
anghabench__macvim__extr_if_py_both_h_OptionsItem,string_parse
anghabench__macvim__extr_os_win32_c_mch_nodetype,systems
anghabench__masscan__extr_out_ndjson_c_ndjson_out_banner,string_parse
anghabench__masscan__extr_ranges_c_rangelist_parse_ports,string_parse
anghabench__meltdown__extr_libkdump_c_libkdump_init,crypto
anghabench__meltdown__extr_memdump_c_main,crypto
anghabench__memcached__extr_memcached_c_process_arithmetic_command,string_parse
anghabench__memcached__extr_restart_c_restart_check,systems
anghabench__micropython__extr_analog_c_analogRead,systems
anghabench__micropython__extr_softspi_c_mp_soft_spi_transfer,systems
anghabench__mimikatz__extr_kull_m_key_c_kull_m_key_capi_decryptedkey_to_raw,crypto
anghabench__mimikatz__extr_sqlite3_omit_c_clearDatabasePage,systems
anghabench__mjolnir__extr_lvm_c_luaV_concat,string_parse
anghabench__mjolnir__extr_lvm_c_luaV_finishget,string_parse
anghabench__mongoose__extr_mongoose_c_mg_resolve_async_opt,systems
anghabench__mongoose__extr_sqlite3_c_substrFunc,string_parse
anghabench__mozjpeg__extr_tjunittest_c_main,multimedia
anghabench__mozjpeg__extr_turbojpeg_c_getSubsamp,multimedia
anghabench__mpv__extr_m_option_c_parse_channels,string_parse
anghabench__mpv__extr_wayland_common_c_check_dnd_fd,systems
anghabench__mruby__extr_codegen_c_scope_finish,string_parse
anghabench__mruby__extr_mirb_c_parse_args,string_parse
anghabench__nanomsg__extr_options_c_nn_parse_long_option,string_parse
anghabench__nanomsg__extr_poll_c_nn_poll,systems
anghabench__netdata__extr_benchmark_line_parsing_c_test4,string_parse
anghabench__netdata__extr_main_c_send_statistics,systems
anghabench__nginx-rtmp-module__extr_ngx_rtmp_mp4_c_ngx_rtmp_mp4_write_tkhd,multimedia
anghabench__nginx-rtmp-module__extr_ngx_rtmp_record_module_c_ngx_rtmp_record_publish,multimedia
anghabench__nginx__extr_ngx_http_gzip_filter_module_c_ngx_http_gzip_filter_deflate_start,crypto
anghabench__nginx__extr_ngx_http_mp4_module_c_ngx_http_mp4_update_ctts_atom,multimedia
anghabench__nnn__extr_nnn_c_editselection,systems
anghabench__nnn__extr_nnn_c_nextsel,systems
anghabench__no-more-secrets__extr_input_c_input_get,systems
anghabench__no-more-secrets__extr_input_c_input_get_str,systems
anghabench__nodemcu-firmware__extr_llex_c_read_string,string_parse
anghabench__nodemcu-firmware__extr_sqlite3_c_clearDatabasePage,systems
anghabench__nuklear__extr_nuklear_rawfb_h_nk_rawfb_fill_polygon,multimedia
anghabench__nuklear__extr_stb_image_h_stbi__load_main,multimedia
anghabench__numpy__extr_f2c_d_lapack_c_dlassq_,numeric
anghabench__numpy__extr_ufunc_type_resolution_c_find_userloop,numeric
anghabench__obs-studio__extr_obs_ffmpeg_output_c_open_audio_codec,multimedia
anghabench__obs-studio__extr_test_copy_c_test_copy_simple,general
anghabench__openpilot__extr_nanovg_c_nvg__calculateJoins,multimedia
anghabench__openpilot__extr_stb_image_h_stbi__load_main,multimedia
anghabench__openssl__extr_sskdf_c_sskdf_set_ctx_params,crypto
anghabench__openssl__extr_ssl_ctx_test_c_test_set_min_max_version,crypto
anghabench__openvpn__extr_init_c_socket_restart_pause,systems
anghabench__openvpn__extr_interactive_c_AsyncPipeOp,systems
anghabench__openwrt__extr_dataflash_c_AT91F_DataflashInit,systems
anghabench__openwrt__extr_mvsw61xx_c_mvsw61xx_vtu_program,systems
anghabench__os-tutorial__extr_isr_c_isr_install,systems
anghabench__oss-fuzz__extr_example_large_fuzzer_c_test_large_deflate,crypto
anghabench__oss-fuzz__extr_fuzz_h_ExtractWebPConfig,multimedia
anghabench__php-src__extr_zend_dump_c_zend_dump_block_header,string_parse
anghabench__php-src__extr_zend_inheritance_c_do_inherit_class_constant,string_parse
anghabench__phpredis__extr_cluster_library_c_cluster_multibulk_resp_recursive,systems
anghabench__phpredis__extr_library_c_redis_unpack,string_parse
anghabench__pifs__extr_piqpr8_c_expm,numeric
anghabench__pifs__extr_piqpr8_c_series,numeric
anghabench__poco__extr_sqlite3_c_clearDatabasePage,systems
anghabench__poco__extr_sqlite3_c_findCreateFileMode,systems
anghabench__postgres__extr_mkdtemp_c_GETTEMP,systems
anghabench__postgres__extr_nbtxlog_c_btree_xlog_newroot,pointer_data
anghabench__progress__extr_progress_c_find_pids_by_binary_name,systems
anghabench__progress__extr_progress_c_main,systems
anghabench__proxychains-ng__extr_allocator_thread_c_ip_from_internal_list,pointer_data
anghabench__proxychains-ng__extr_core_c_proxy_gethostbyname,systems
anghabench__qmk_firmware__extr_keymap_c_process_record_user,systems
anghabench__radare2__extr_dbi_c_parse_dbi_header,string_parse
anghabench__radare2__extr_radiff2_c_show_help,string_parse
anghabench__raspberry-pi-os__extr_mini_uart_c_uart_init,systems
anghabench__raspberry-pi-os__extr_raspiloader_c_send_kernel,systems
anghabench__reactos__extr_StrAddr_c_AddrToAddrStr,string_parse
anghabench__reactos__extr_hlsl_tab_c_create_loop,string_parse
anghabench__redcarpet__extr_markdown_c_parse_htmlblock,string_parse
anghabench__redcarpet__extr_markdown_c_sd_markdown_new,string_parse
anghabench__redis__extr_llex_c_read_string,string_parse
anghabench__redis__extr_t_stream_c_xrangeGenericCommand,systems
anghabench__redshift__extr_gamma_w32gdi_c_w32gdi_set_temperature,systems
anghabench__redshift__extr_options_c_print_help,string_parse
anghabench__robotgo__extr_base64_c_base64decode,crypto
anghabench__robotgo__extr_base64_c_base64encode,crypto
anghabench__robotjs__extr_mouse_c_moveMouse,systems
anghabench__robotjs__extr_mouse_c_toggleMouse,systems
anghabench__rofi__extr_script_c_script_switcher_parse_setup,string_parse
anghabench__rofi__extr_textbox_c_textbox_initialize_font,multimedia
anghabench__rufus__extr_alloc_stats_c_ext2fs_block_alloc_stats_range,pointer_data
anghabench__rufus__extr_udf_fs_c_udf_get_lba,systems
anghabench__scrcpy__extr_input_manager_c_input_manager_process_mouse_button,systems
anghabench__scrcpy__extr_stream_c_stream_push_packet,multimedia
anghabench__seafile__extr_wt_monitor_linux_c_handle_watch_command,systems
anghabench__seafile__extr_wt_monitor_win32_c_handle_watch_command,systems
anghabench__skynet__extr_lvm_c_luaV_concat,string_parse
anghabench__skynet__extr_skynet_main_c_main,string_parse
anghabench__sqlcipher__extr_btree_c_clearDatabasePage,systems
anghabench__sqlcipher__extr_os_unix_c_findCreateFileMode,systems
anghabench__stb__extr_cave_render_c_mesh_worker_handler,multimedia
anghabench__stb__extr_stb_vorbis_c_compute_sorted_huffman,multimedia
anghabench__streem__extr_node_c_node_free,pointer_data
anghabench__streem__extr_time_c_time_str,string_parse
anghabench__sumatrapdf__extr_cmspack_c_PackHalfFromFloat,numeric
anghabench__sumatrapdf__extr_pixmap_c_clear_cmyk_bitmap,multimedia
anghabench__sway__extr_sticky_c_cmd_sticky,systems
anghabench__sway__extr_workspace_c_cmd_workspace_gaps,systems
anghabench__systemd__extr_fs_util_c_fchmod_and_chown,systems
anghabench__systemd__extr_job_c_job_start_timer,systems
anghabench__tengine__extr_ngx_http_lua_socket_tcp_c_ngx_http_lua_socket_handle_read_error,systems
anghabench__tengine__extr_ngx_http_tfs_duplicate_c_ngx_http_tfs_dedup_remove,systems
anghabench__tg__extr_interface_c_print_user_name,string_parse
anghabench__tg__extr_interface_c_secret_chat_update_gw,systems
anghabench__the_silver_searcher__extr_decompress_c_is_zipped,crypto
anghabench__the_silver_searcher__extr_ignore_c_add_ignore_pattern,string_parse
anghabench__tig__extr_hashtab_c_htab_expand,pointer_data
anghabench__tig__extr_help_c_help_draw,string_parse
anghabench__timescaledb__extr_bgw_message_queue_c_enqueue_message_wait_for_ack,systems
anghabench__timescaledb__extr_deltadelta_c_delta_delta_from_parts,numeric
anghabench__tini__extr_tini_c_configure_signals,systems
anghabench__tini__extr_tini_c_parse_args,string_parse
anghabench__tmux__extr_cmd_swap_window_c_cmd_swap_window_exec,systems
anghabench__tmux__extr_names_c_check_window_name,string_parse
anghabench__torch7__extr_convolve5x5_sse_c_convolve_5x5_sse,numeric
anghabench__torch7__extr_luaT_c_luaT_stackdump,string_parse
anghabench__toxcore__extr_TCP_server_c_add_accepted,systems
anghabench__toxcore__extr___toxcoreDHT_c_do_NAT,systems
anghabench__twemproxy__extr_nc_redis_c_redis_copy_bulk,systems
anghabench__twemproxy__extr_nc_redis_c_redis_post_connect,systems
anghabench__upx__extr_i386_openbsd_elf_main_c_xfind_pages,systems
anghabench__vlc__extr_ftp_c_Connect,systems
anghabench__vlc__extr_mp4_c_FragGetMoofBySidxIndex,multimedia
anghabench__wcdb__extr_sqlite3_c_clearDatabasePage,systems
anghabench__wcdb__extr_sqlite3_c_findCreateFileMode,systems
anghabench__winfile__extr_tbar_c_HandleToolbarSave,systems
anghabench__winfile__extr_wfinit_c_FreeFileManager,systems
anghabench__wrk__extr_http_parser_c_http_parse_host,string_parse
anghabench__wrk__extr_wrk_c_parse_args,string_parse
anghabench__xLua__extr_lj_asm_c_ra_allocref,string_parse
anghabench__xLua__extr_llex_c_read_string,string_parse
anghabench__xhyve__extr_fbsd_c_fbsd_load,systems
anghabench__xhyve__extr_pci_ahci_c_atapi_read,systems
anghabench__yaf__extr_yaf_view_simple_c_yaf_view_exec_tpl,string_parse
anghabench__yaf__extr_yaf_view_simple_c_yaf_view_simple_eval,string_parse
anghabench__zfs__extr_rdwr_efi_c_efi_alloc_and_init,systems
anghabench__zfs__extr_zfs_ioctl_c_zfs_ioc_pool_set_props,systems
anghabench__zstd__extr_divsufsort_c_sssort,general
anghabench__zstd__extr_seqgen_c_SEQ_gen_offset,crypto
asc_sequoia__AMGmk,numeric
asc_sequoia__CrystalMk,numeric
benchmarkgame__fannkuch,general
benchmarkgame__n-body,numeric
benchmarkgame__nsieve-bits,crypto
benchmarkgame__partialsums,numeric
benchmarkgame__puzzle,general
benchmarkgame__recursive,general
benchmarkgame__spectral-norm,numeric
bitbench__drop3,crypto
bitbench__five11,crypto
bitbench__uudecode,crypto
bitbench__uuencode,crypto
cbench__automotive_bitcount,crypto
cbench__automotive_qsort1,general
cbench__automotive_susan_c,multimedia
cbench__automotive_susan_e,multimedia
cbench__automotive_susan_s,multimedia
cbench__bzip2d,general
cbench__bzip2e,general
cbench__consumer_jpeg_c,multimedia
cbench__consumer_jpeg_d,multimedia
cbench__consumer_lame,multimedia
cbench__consumer_tiff2bw,multimedia
cbench__consumer_tiff2rgba,multimedia
cbench__consumer_tiffdither,multimedia
cbench__consumer_tiffmedian,multimedia
cbench__network_dijkstra,pointer_data
cbench__office_stringsearch1,string_parse
cbench__security_blowfish_d,crypto
cbench__security_blowfish_e,crypto
cbench__security_rijndael_d,crypto
cbench__security_rijndael_e,crypto
cbench__security_sha,crypto
cbench__telecom_CRC32,crypto
cbench__telecom_adpcm_c,multimedia
cbench__telecom_adpcm_d,multimedia
cbench__telecom_gsm,multimedia
coyotebench__almabench,numeric
coyotebench__huffbench,crypto
coyotebench__lpbench,numeric
dhrystone__dry,general
dhrystone__fldry,general
doe_proxyapps_c__Pathfinder,numeric
doe_proxyapps_c__RSBench,numeric
doe_proxyapps_c__SimpleMOC,numeric
doe_proxyapps_c__XSBench,numeric
doe_proxyapps_c__miniGMG,numeric
mallocbench__espresso,general
mccat__01-qbsort,general
mccat__03-testtrie,pointer_data
mccat__04-bisect,numeric
mccat__05-eks,general
mccat__08-main,general
mccat__09-vor,numeric
mccat__12-IOtest,general
mccat__15-trie,pointer_data
mccat__17-bintr,pointer_data
mcgill__chomp,general
mcgill__exptree,pointer_data
mcgill__misr,general
mcgill__queens,general
mediabench__adpcm__rawcaudio,multimedia
mediabench__adpcm__rawdaudio,multimedia
mediabench__g721__g721encode,multimedia
mediabench__gsm__toast,multimedia
mediabench__mpeg2__mpeg2dec,multimedia
mibench__automotive-basicmath,numeric
mibench__automotive-bitcount,crypto
mibench__automotive-susan,multimedia
mibench__consumer-jpeg,multimedia
mibench__consumer-lame,multimedia
mibench__network-dijkstra,pointer_data
mibench__network-patricia,pointer_data
mibench__office-stringsearch,string_parse
mibench__security-blowfish,crypto
mibench__security-rijndael,crypto
mibench__security-sha,crypto
mibench__telecomm-CRC32,crypto
mibench__telecomm-FFT,numeric
misc__ReedSolomon,crypto
misc__dt,general
misc__evalloop,general
misc__fbench,numeric
misc__ffbench,numeric
misc__flops,numeric
misc__flops-1,numeric
misc__flops-2,numeric
misc__flops-3,numeric
misc__flops-4,numeric
misc__flops-5,numeric
misc__flops-6,numeric
misc__flops-7,numeric
misc__flops-8,numeric
misc__fp-convert,numeric
misc__himenobmtxpa,numeric
misc__lowercase,string_parse
misc__mandel,numeric
misc__mandel-2,numeric
misc__matmul_f64_4x4,numeric
misc__oourafft,numeric
misc__perlin,numeric
misc__pi,numeric
misc__revertBits,crypto
misc__richards_benchmark,general
misc__salsa20,crypto
misc__whetstone,numeric
npb-serial__dc,general
npb-serial__is,general
olden__bisort,pointer_data
olden__health,pointer_data
olden__mst,pointer_data
olden__power,pointer_data
olden__voronoi,pointer_data
polybench__datamining__correlation,numeric
polybench__datamining__covariance,numeric
polybench__linear_algebra_blas__gemm,numeric
polybench__linear_algebra_blas__gemver,numeric
polybench__linear_algebra_blas__gesummv,numeric
polybench__linear_algebra_blas__symm,numeric
polybench__linear_algebra_blas__syr2k,numeric
polybench__linear_algebra_blas__syrk,numeric
polybench__linear_algebra_blas__trmm,numeric
polybench__linear_algebra_kernels__2mm,numeric
polybench__linear_algebra_kernels__3mm,numeric
polybench__linear_algebra_kernels__atax,numeric
polybench__linear_algebra_kernels__bicg,numeric
polybench__linear_algebra_kernels__doitgen,numeric
polybench__linear_algebra_kernels__mvt,numeric
polybench__linear_algebra_solvers__cholesky,numeric
polybench__linear_algebra_solvers__durbin,numeric
polybench__linear_algebra_solvers__gramschmidt,numeric
polybench__linear_algebra_solvers__lu,numeric
polybench__linear_algebra_solvers__ludcmp,numeric
polybench__linear_algebra_solvers__trisolv,numeric
polybench__medley__deriche,numeric
polybench__medley__floyd-warshall,numeric
polybench__medley__nussinov,numeric
polybench__stencils__adi,numeric
polybench__stencils__fdtd-2d,numeric
polybench__stencils__heat-3d,numeric
polybench__stencils__jacobi-1d,numeric
polybench__stencils__jacobi-2d,numeric
polybench__stencils__seidel-2d,numeric
prolangs-c__agrep,string_parse
prolangs-c__allroots,numeric
prolangs-c__archie-client,systems
prolangs-c__assembler,string_parse
prolangs-c__bison,string_parse
prolangs-c__cdecl,string_parse
prolangs-c__fixoutput,string_parse
prolangs-c__football,general
prolangs-c__gnugo,general
prolangs-c__plot2fig,general
prolangs-c__unix-smail,systems
prolangs-c__unix-tbl,string_parse
ptrdist__anagram,pointer_data
ptrdist__bc,pointer_data
ptrdist__ft,pointer_data
ptrdist__ks,pointer_data
ptrdist__yacr2,pointer_data
shootout__ackermann,general
shootout__ary3,general
shootout__fib2,general
shootout__hash,general
shootout__heapsort,general
shootout__hello,general
shootout__lists,pointer_data
shootout__matrix,numeric
shootout__methcall,general
shootout__nestedloop,general
shootout__objinst,general
shootout__random,general
shootout__sieve,general
shootout__strcat,string_parse
stanford__Bubblesort,general
stanford__FloatMM,numeric
stanford__IntMM,numeric
stanford__Oscar,general
stanford__Puzzle,general
stanford__Queens,general
stanford__Quicksort,general
stanford__RealMM,numeric
stanford__Towers,general
stanford__Treesort,pointer_data
trimaran__enc-3des,crypto
trimaran__enc-md5,crypto
trimaran__enc-pc1,crypto
trimaran__enc-rc4,crypto
trimaran__netbench-crc,crypto
trimaran__netbench-url,string_parse
tsvc__ControlFlow-dbl,loop_bench
tsvc__ControlFlow-flt,loop_bench
tsvc__ControlLoops-dbl,loop_bench
tsvc__ControlLoops-flt,loop_bench
tsvc__CrossingThresholds-dbl,loop_bench
tsvc__CrossingThresholds-flt,loop_bench
tsvc__Equivalencing-dbl,loop_bench
tsvc__Equivalencing-flt,loop_bench
tsvc__Expansion-dbl,loop_bench
tsvc__Expansion-flt,loop_bench
tsvc__GlobalDataFlow-dbl,loop_bench
tsvc__GlobalDataFlow-flt,loop_bench
tsvc__IndirectAddressing-dbl,loop_bench
tsvc__IndirectAddressing-flt,loop_bench
tsvc__InductionVariable-dbl,loop_bench
tsvc__InductionVariable-flt,loop_bench
tsvc__LinearDependence-dbl,loop_bench
tsvc__LinearDependence-flt,loop_bench
tsvc__LoopRerolling-dbl,loop_bench
tsvc__LoopRerolling-flt,loop_bench
tsvc__LoopRestructuring-dbl,loop_bench
tsvc__LoopRestructuring-flt,loop_bench
tsvc__NodeSplitting-dbl,loop_bench
tsvc__NodeSplitting-flt,loop_bench
tsvc__Packing-dbl,loop_bench
tsvc__Packing-flt,loop_bench
tsvc__Recurrences-dbl,loop_bench
tsvc__Recurrences-flt,loop_bench
tsvc__Reductions-dbl,loop_bench
tsvc__Reductions-flt,loop_bench
tsvc__Searching-dbl,loop_bench
tsvc__Searching-flt,loop_bench
tsvc__StatementReordering-dbl,loop_bench
tsvc__StatementReordering-flt,loop_bench
tsvc__Symbolics-dbl,loop_bench
tsvc__Symbolics-flt,loop_bench
versabench__8b10b,crypto
versabench__bmm,numeric
versabench__dbms,systems
versabench__ecbdes,crypto
