benchmark,cluster
anghabench__8cc__extr_parse_c_read_declarator,1
anghabench__8cc__extr_parse_c_read_struct_initializer_sub,1
anghabench__AppImageKit__extr_appimagetool_c_extract_arch_from_text,1
anghabench__AppImageKit__extr_runtime_c_private_sqfs_stat,4
anghabench__Arduino__extr_ip_addr_c_ipaddr_aton,1
anghabench__Arduino__extr_pbuf_c_pbuf_realloc,4
anghabench__Atlas__extr_chassis_frontend_c_chassis_frontend_init_plugins,0
anghabench__Atlas__extr_network_mysqld_lua_c_proxy_connection_set,0
anghabench__Cello__extr_regexp9_c_evaluntil,4
anghabench__Cello__extr_sudoku_c_c_sd_solve,1
anghabench__Cinder__extr_framing_c_ogg_stream_iovecin,4
anghabench__Cinder__extr_gl_load_c_LoadExt_EXT_histogram,0
anghabench__Craft__extr_sqlite3_c_reloadTableSchema,4
anghabench__Craft__extr_sqlite3_c_substrFunc,1
anghabench__DOOM__extr_d_net_c_NetUpdate,0
anghabench__DOOM__extr_p_plats_c_T_PlatRaise,4
anghabench__FFmpeg__extr_atrac1_c_atrac1_decode_frame,4
anghabench__FFmpeg__extr_sheervideo_c_decode_c82i,4
anghabench__GloVe__extr_cooccur_c_merge_files,4
anghabench__GloVe__extr_shuffle_c_shuffle_by_chunks,1
anghabench__HandBrake__extr_preset_c_import_deint_11_0_0,1
anghabench__HandBrake__extr_stream_c_ffmpeg_parse_vobsub_extradata_mkv,0
anghabench__How-to-Make-a-Computer-Operating-System__extr_getopt_c__getopt_initialize,4
anghabench__How-to-Make-a-Computer-Operating-System__extr_getopt_c_exchange,4
anghabench__Mirai-Source-Code__extr_attack_udp_c_get_dns_resolver,1
anghabench__Mirai-Source-Code__extr_server_c_server_telnet_probe,4
anghabench__Provenance__extr_sh2rec_c_generateMOVWI,4
anghabench__Provenance__extr_yuirange_c_yui_range_new,4
anghabench__Quake-III-Arena__extr_cm_load_c_CMod_LoadSubmodels,4
anghabench__Quake-III-Arena__extr_g_missile_c_fire_rocket,5
anghabench__RetroArch__extr_network_c_accept_func,4
anghabench__RetroArch__extr_spdif_c_spdif_input_port_format_commit,4
anghabench__SoftEtherVPN__extr_Kernel_c_c_mkgmtime,0
anghabench__SoftEtherVPN__extr_TcpIp_c_DhcpModifyIPv4,4
anghabench__TDengine__extr_isoir165ext_h_isoir165ext_wctomb,1
anghabench__TDengine__extr_vnodeQueryImpl_c_cacheBoundaryCheck,0
anghabench__ZipArchive__extr_mz_zip_rw_c_mz_zip_reader_open_file_in_memory,4
anghabench__ZipArchive__extr_mz_zip_rw_c_mz_zip_writer_open_file_in_memory,4
anghabench__anypixel__extr_mem_c_mem_free,1
anghabench__anypixel__extr_stm32f4xx_rcc_c_RCC_GetClocksFreq,4
anghabench__arduino-esp32__extr_cdecode_c_base64_decode_block_signed,0
anghabench__arduino-esp32__extr_esp32_hal_spi_c_spiStartBus,4
anghabench__beanstalkd__extr_prot_c_h_accept,1
anghabench__beanstalkd__extr_testserv_c_cttest_binlog_disk_full,5
anghabench__bitwise__extr_lex_c_scan_int,1
anghabench__bitwise__extr_parse_c_parse_decl_func,1
anghabench__borg__extr_divsufsort_c_sssort,0
anghabench__borg__extr_zstd_v07_c_HUFv07_readDTableX2,0
anghabench__brotli__extr_huffman_c_BrotliBuildSimpleHuffmanTable,4
anghabench__brotli__extr_metablock_c_ComputeDistanceCost,4
anghabench__c4__extr_c4_c_expr,2
anghabench__c4__extr_c4_c_stmt,1
anghabench__capstone__extr_M68KDisassembler_c_d68010_movec,0
anghabench__capstone__extr_cs_c_fill_insn,4
anghabench__ccv__extr_sqlite3_c_clearDatabasePage,1
anghabench__ccv__extr_sqlite3_c_pcache1Create,4
anghabench__citus__extr_placement_connection_c_InitPlacementConnectionManagement,5
anghabench__citus__extr_query_pushdown_planning_c_DeferErrorIfFromClauseRecurs,1
anghabench__curl__extr_imap_c_imap_state_select_resp,4
anghabench__curl__extr_sessioninfo_c_wrfu,1
anghabench__darknet__extr_go_c_run_go,1
anghabench__darknet__extr_stb_image_h_stbi__load_gif_main,0
anghabench__darwin-xnu__extr_dtrace_c_dtrace_speculation_buffer,0
anghabench__darwin-xnu__extr_turnstile_multihop_c_expect_kevent_id_recv,5
anghabench__db_tutorial__extr_db_c_create_new_root,5
anghabench__db_tutorial__extr_db_c_internal_node_insert,4
anghabench__disque__extr_cluster_c_clusterBuildMessageHdr,4
anghabench__disque__extr_disque_check_aof_c_main,1
anghabench__dsvpn__extr_os_c_shell_cmd,1
anghabench__dsvpn__extr_vpn_c_firewall_rules,4
anghabench__esp-idf__extr_btc_a2dp_sink_c_btc_a2dp_sink_enque_buf,4
anghabench__esp-idf__extr_mesh_bearer_adapt_c_bt_mesh_hci_init,5
anghabench__exploitdb__extr_43987_c_RegisterProcessByIOCTL,3
anghabench__fastdfs__extr_fdfs_download_file_c_main,1
anghabench__fastdfs__extr_storage_disk_recovery_c_storage_disk_recovery_start,1
anghabench__fastsocket__extr_synclink_gt_c_rx_async,0
anghabench__fastsocket__extr_tty_audit_c_tty_audit_add_data,4
anghabench__ffmpeg-libav-tutorial__extr_0_hello_world_c_save_gray_frame,0
anghabench__ffmpeg-libav-tutorial__extr_2_remuxing_c_main,1
anghabench__freebsd__extr_sqlite3_c_clearDatabasePage,1
anghabench__freebsd__extr_wc_db_c_set_props_txn,4
anghabench__gb-studio__extr_Scene_b_c_SceneUpdateActorMovement_b,4
anghabench__gb-studio__extr_realloc_c_realloc,4
anghabench__git__extr_revision_c_leave_one_treesame_to_parent,0
anghabench__git__extr_wt_status_c_wt_longstatus_print_tracking,1
anghabench__glfw__extr_heightmap_c_make_mesh,5
anghabench__glfw__extr_wl_window_c__glfwPlatformCreateWindowSurface,3
anghabench__goaccess__extr_goaccess_c_main,1
anghabench__goaccess__extr_websocket_c_ws_handle_ping,4
anghabench__h2o__extr_http1_c_on_send_complete,4
anghabench__h2o__extr_parson_c_parse_object_value,1
anghabench__hashcat__extr_bench_verify_c_main,4
anghabench__hashcat__extr_outfile_c_build_crackpos,4
anghabench__hiredis__extr_hiredis_c_redisConnectWithOptions,4
anghabench__hiredis__extr_ssl_c_redisSSLConnect,4
anghabench__htop__extr_Action_c_Action_pickFromVector,4
anghabench__htop__extr_ColorsPanel_c_ColorsPanel_eventHandler,4
anghabench__http-parser__extr_http_parser_c_http_parse_host,4
anghabench__http-parser__extr_http_parser_c_http_parse_host_char,1
anghabench__i3__extr_bindings_c_load_keymap,1
anghabench__i3__extr_sighandler_c_sighandler_draw_dialog,4
anghabench__ijkplayer__extr_android_nativewindow_c_android_render_yv12_on_yv12,4
anghabench__ijkplayer__extr_ijkiourlhook_c_ijkio_urlhook_call_inject,4
anghabench__ios-webkit-debug-proxy__extr_ios_webkit_debug_proxy_c_iwdp_iport_close,4
anghabench__ios-webkit-debug-proxy__extr_socket_manager_c_sm_remove_fd,4
anghabench__ish__extr_mmap_c_do_mmap,4
anghabench__ish__extr_signal_c_deliver_signal_unlocked,4
anghabench__japronto__extr_cpipeline_c_Pipeline__task_done,1
anghabench__japronto__extr_picohttpparser_c_get_token_to_eol,1
anghabench__jemalloc__extr_arena_c_arena_bin_malloc_hard,4
anghabench__jemalloc__extr_tcache_c_tsd_tcache_data_init,4
anghabench__jerryscript__extr_main_unix_test_c_main,1
anghabench__jerryscript__extr_test_ext_arg_c_test_validator_restore_handler,1
anghabench__jq__extr_decNumber_c_decNumberInvert,0
anghabench__jq__extr_decNumber_c_decNumberReduce,1
anghabench__kcp__extr_ikcp_c_ikcp_ack_push,0
anghabench__kcp__extr_ikcp_c_ikcp_create,4
anghabench__kilo__extr_kilo_c_editorMoveCursor,1
anghabench__kilo__extr_kilo_c_enableRawMode,4
anghabench__kphp-kdb__extr_copyfast_engine_data_c_delete_relative,4
anghabench__kphp-kdb__extr_photo_data_c_user_add_photo_location_engine,0
anghabench__lab__extr_dmlab_module_c_make_observation,4
anghabench__lab__extr_g_missile_c_fire_rocket,5
anghabench__lede__extr_dataflash_c_AT91F_DataflashInit,4
anghabench__lede__extr_mvsw61xx_c_mvsw61xx_vtu_program,4
anghabench__libevent__extr_http_c_evhttp_connection_incoming_fail,4
anghabench__libevent__extr_watch_timing_c_histogram_query,3
anghabench__libgit2__extr_index_c_add_repo_as_submodule,0
anghabench__libgit2__extr_worktree_c_assert_ignore_case,5
anghabench__libsodium__extr_argon2_c_argon2_ctx,4
anghabench__libsodium__extr_scalarmult8_c_xmain,4
anghabench__libui__extr_drawtests_c_drawCSFillAndStroke2,5
anghabench__libui__extr_drawtests_c_drawCSSetLineJoin,5
anghabench__libuv__extr_os390_c_uv_exepath,0
anghabench__libuv__extr_test_udp_ipv6_c_do_test,5
anghabench__linux__extr_blk_zoned_c_blkdev_reset_zones,0
anghabench__linux__extr_safexcel_cipher_c_safexcel_aead_ccm_setkey,4
anghabench__lwan__extr_lwan_mod_serve_files_c_dirlist_init,3
anghabench__lwan__extr_techempower_c_fortune_list_generator,0
anghabench__lz4__extr_lz4cli_c_usage_advanced,5
anghabench__lz4__extr_lz4io_c_LZ4IO_openDstFile,1
anghabench__macvim__extr_if_py_both_h_OptionsItem,1
anghabench__macvim__extr_os_win32_c_mch_nodetype,1
anghabench__masscan__extr_out_ndjson_c_ndjson_out_banner,5
anghabench__masscan__extr_ranges_c_rangelist_parse_ports,1
anghabench__meltdown__extr_libkdump_c_libkdump_init,1
anghabench__meltdown__extr_memdump_c_main,1
anghabench__memcached__extr_memcached_c_process_arithmetic_command,4
anghabench__memcached__extr_restart_c_restart_check,0
anghabench__micropython__extr_analog_c_analogRead,1
anghabench__micropython__extr_softspi_c_mp_soft_spi_transfer,4
anghabench__mimikatz__extr_kull_m_key_c_kull_m_key_capi_decryptedkey_to_raw,2
anghabench__mimikatz__extr_sqlite3_omit_c_clearDatabasePage,1
anghabench__mjolnir__extr_lvm_c_luaV_concat,1
anghabench__mjolnir__extr_lvm_c_luaV_finishget,1
anghabench__mongoose__extr_mongoose_c_mg_resolve_async_opt,4
anghabench__mongoose__extr_sqlite3_c_substrFunc,1
anghabench__mozjpeg__extr_tjunittest_c_main,1
anghabench__mozjpeg__extr_turbojpeg_c_getSubsamp,1
anghabench__mpv__extr_m_option_c_parse_channels,1
anghabench__mpv__extr_wayland_common_c_check_dnd_fd,4
anghabench__mruby__extr_codegen_c_scope_finish,4
anghabench__mruby__extr_mirb_c_parse_args,4
anghabench__nanomsg__extr_options_c_nn_parse_long_option,1
anghabench__nanomsg__extr_poll_c_nn_poll,4
anghabench__netdata__extr_benchmark_line_parsing_c_test4,1
anghabench__netdata__extr_main_c_send_statistics,1
anghabench__nginx-rtmp-module__extr_ngx_rtmp_mp4_c_ngx_rtmp_mp4_write_tkhd,5
anghabench__nginx-rtmp-module__extr_ngx_rtmp_record_module_c_ngx_rtmp_record_publish,4
anghabench__nginx__extr_ngx_http_gzip_filter_module_c_ngx_http_gzip_filter_deflate_start,4
anghabench__nginx__extr_ngx_http_mp4_module_c_ngx_http_mp4_update_ctts_atom,4
anghabench__nnn__extr_nnn_c_editselection,1
anghabench__nnn__extr_nnn_c_nextsel,1
anghabench__no-more-secrets__extr_input_c_input_get,1
anghabench__no-more-secrets__extr_input_c_input_get_str,0
anghabench__nodemcu-firmware__extr_llex_c_read_string,1
anghabench__nodemcu-firmware__extr_sqlite3_c_clearDatabasePage,1
anghabench__nuklear__extr_nuklear_rawfb_h_nk_rawfb_fill_polygon,4
anghabench__nuklear__extr_stb_image_h_stbi__load_main,1
anghabench__numpy__extr_f2c_d_lapack_c_dlassq_,0
anghabench__numpy__extr_ufunc_type_resolution_c_find_userloop,0
anghabench__obs-studio__extr_obs_ffmpeg_output_c_open_audio_codec,4
anghabench__obs-studio__extr_test_copy_c_test_copy_simple,1
anghabench__openpilot__extr_nanovg_c_nvg__calculateJoins,4
anghabench__openpilot__extr_stb_image_h_stbi__load_main,1
anghabench__openssl__extr_sskdf_c_sskdf_set_ctx_params,1
anghabench__openssl__extr_ssl_ctx_test_c_test_set_min_max_version,1
anghabench__openvpn__extr_init_c_socket_restart_pause,4
anghabench__openvpn__extr_interactive_c_AsyncPipeOp,1
anghabench__openwrt__extr_dataflash_c_AT91F_DataflashInit,4
anghabench__openwrt__extr_mvsw61xx_c_mvsw61xx_vtu_program,4
anghabench__os-tutorial__extr_isr_c_isr_install,5
anghabench__oss-fuzz__extr_example_large_fuzzer_c_test_large_deflate,4
anghabench__oss-fuzz__extr_fuzz_h_ExtractWebPConfig,4
anghabench__php-src__extr_zend_dump_c_zend_dump_block_header,4
anghabench__php-src__extr_zend_inheritance_c_do_inherit_class_constant,4
anghabench__phpredis__extr_cluster_library_c_cluster_multibulk_resp_recursive,4
anghabench__phpredis__extr_library_c_redis_unpack,3
anghabench__pifs__extr_piqpr8_c_expm,0
anghabench__pifs__extr_piqpr8_c_series,0
anghabench__poco__extr_sqlite3_c_clearDatabasePage,1
anghabench__poco__extr_sqlite3_c_findCreateFileMode,0
anghabench__postgres__extr_mkdtemp_c_GETTEMP,1
anghabench__postgres__extr_nbtxlog_c_btree_xlog_newroot,4
anghabench__progress__extr_progress_c_find_pids_by_binary_name,0
anghabench__progress__extr_progress_c_main,1
anghabench__proxychains-ng__extr_allocator_thread_c_ip_from_internal_list,4
anghabench__proxychains-ng__extr_core_c_proxy_gethostbyname,4
anghabench__qmk_firmware__extr_keymap_c_process_record_user,3
anghabench__radare2__extr_dbi_c_parse_dbi_header,5
anghabench__radare2__extr_radiff2_c_show_help,1
anghabench__raspberry-pi-os__extr_mini_uart_c_uart_init,5
anghabench__raspberry-pi-os__extr_raspiloader_c_send_kernel,0
anghabench__reactos__extr_StrAddr_c_AddrToAddrStr,1
anghabench__reactos__extr_hlsl_tab_c_create_loop,4
anghabench__redcarpet__extr_markdown_c_parse_htmlblock,1
anghabench__redcarpet__extr_markdown_c_sd_markdown_new,4
anghabench__redis__extr_llex_c_read_string,1
anghabench__redis__extr_t_stream_c_xrangeGenericCommand,1
anghabench__redshift__extr_gamma_w32gdi_c_w32gdi_set_temperature,0
anghabench__redshift__extr_options_c_print_help,5
anghabench__robotgo__extr_base64_c_base64decode,0
anghabench__robotgo__extr_base64_c_base64encode,0
anghabench__robotjs__extr_mouse_c_moveMouse,3
anghabench__robotjs__extr_mouse_c_toggleMouse,3
anghabench__rofi__extr_script_c_script_switcher_parse_setup,4
anghabench__rofi__extr_textbox_c_textbox_initialize_font,4
anghabench__rufus__extr_alloc_stats_c_ext2fs_block_alloc_stats_range,4
anghabench__rufus__extr_udf_fs_c_udf_get_lba,4
anghabench__scrcpy__extr_input_manager_c_input_manager_process_mouse_button,1
anghabench__scrcpy__extr_stream_c_stream_push_packet,4
anghabench__seafile__extr_wt_monitor_linux_c_handle_watch_command,4
anghabench__seafile__extr_wt_monitor_win32_c_handle_watch_command,4
anghabench__skynet__extr_lvm_c_luaV_concat,1
anghabench__skynet__extr_skynet_main_c_main,3
anghabench__sqlcipher__extr_btree_c_clearDatabasePage,1
anghabench__sqlcipher__extr_os_unix_c_findCreateFileMode,0
anghabench__stb__extr_cave_render_c_mesh_worker_handler,4
anghabench__stb__extr_stb_vorbis_c_compute_sorted_huffman,4
anghabench__streem__extr_node_c_node_free,1
anghabench__streem__extr_time_c_time_str,4
anghabench__sumatrapdf__extr_cmspack_c_PackHalfFromFloat,0
anghabench__sumatrapdf__extr_pixmap_c_clear_cmyk_bitmap,0
anghabench__sway__extr_sticky_c_cmd_sticky,4
anghabench__sway__extr_workspace_c_cmd_workspace_gaps,1
anghabench__systemd__extr_fs_util_c_fchmod_and_chown,1
anghabench__systemd__extr_job_c_job_start_timer,4
anghabench__tengine__extr_ngx_http_lua_socket_tcp_c_ngx_http_lua_socket_handle_read_error,4
anghabench__tengine__extr_ngx_http_tfs_duplicate_c_ngx_http_tfs_dedup_remove,4
anghabench__tg__extr_interface_c_print_user_name,1
anghabench__tg__extr_interface_c_secret_chat_update_gw,1
anghabench__the_silver_searcher__extr_decompress_c_is_zipped,1
anghabench__the_silver_searcher__extr_ignore_c_add_ignore_pattern,1
anghabench__tig__extr_hashtab_c_htab_expand,4
anghabench__tig__extr_help_c_help_draw,4
anghabench__timescaledb__extr_bgw_message_queue_c_enqueue_message_wait_for_ack,0
anghabench__timescaledb__extr_deltadelta_c_delta_delta_from_parts,4
anghabench__tini__extr_tini_c_configure_signals,0
anghabench__tini__extr_tini_c_parse_args,0
anghabench__tmux__extr_cmd_swap_window_c_cmd_swap_window_exec,4
anghabench__tmux__extr_names_c_check_window_name,4
anghabench__torch7__extr_convolve5x5_sse_c_convolve_5x5_sse,0
anghabench__torch7__extr_luaT_c_luaT_stackdump,1
anghabench__toxcore__extr_TCP_server_c_add_accepted,4
anghabench__toxcore__extr___toxcoreDHT_c_do_NAT,4
anghabench__twemproxy__extr_nc_redis_c_redis_copy_bulk,1
anghabench__twemproxy__extr_nc_redis_c_redis_post_connect,4
anghabench__upx__extr_i386_openbsd_elf_main_c_xfind_pages,2
anghabench__vlc__extr_ftp_c_Connect,1
anghabench__vlc__extr_mp4_c_FragGetMoofBySidxIndex,4
anghabench__wcdb__extr_sqlite3_c_clearDatabasePage,1
anghabench__wcdb__extr_sqlite3_c_findCreateFileMode,0
anghabench__winfile__extr_tbar_c_HandleToolbarSave,4
anghabench__winfile__extr_wfinit_c_FreeFileManager,1
anghabench__wrk__extr_http_parser_c_http_parse_host,4
anghabench__wrk__extr_wrk_c_parse_args,1
anghabench__xLua__extr_lj_asm_c_ra_allocref,4
anghabench__xLua__extr_llex_c_read_string,1
anghabench__xhyve__extr_fbsd_c_fbsd_load,1
anghabench__xhyve__extr_pci_ahci_c_atapi_read,4
anghabench__yaf__extr_yaf_view_simple_c_yaf_view_exec_tpl,1
anghabench__yaf__extr_yaf_view_simple_c_yaf_view_simple_eval,3
anghabench__zfs__extr_rdwr_efi_c_efi_alloc_and_init,0
anghabench__zfs__extr_zfs_ioctl_c_zfs_ioc_pool_set_props,1
anghabench__zstd__extr_divsufsort_c_sssort,0
anghabench__zstd__extr_seqgen_c_SEQ_gen_offset,4
asc_sequoia__AMGmk,0
asc_sequoia__CrystalMk,0
benchmarkgame__fannkuch,0
benchmarkgame__n-body,4
benchmarkgame__nsieve-bits,0
benchmarkgame__partialsums,3
benchmarkgame__puzzle,0
benchmarkgame__recursive,0
benchmarkgame__spectral-norm,0
bitbench__drop3,2
bitbench__five11,0
bitbench__uudecode,0
bitbench__uuencode,0
cbench__automotive_bitcount,0
cbench__automotive_qsort1,0
cbench__automotive_susan_c,2
cbench__automotive_susan_e,2
cbench__automotive_susan_s,2
cbench__bzip2d,4
cbench__bzip2e,4
cbench__consumer_jpeg_c,4
cbench__consumer_jpeg_d,4
cbench__consumer_lame,0
cbench__consumer_tiff2bw,0
cbench__consumer_tiff2rgba,0
cbench__consumer_tiffdither,0
cbench__consumer_tiffmedian,0
cbench__network_dijkstra,0
cbench__office_stringsearch1,0
cbench__security_blowfish_d,2
cbench__security_blowfish_e,2
cbench__security_rijndael_d,2
cbench__security_rijndael_e,2
cbench__security_sha,4
cbench__telecom_CRC32,0
cbench__telecom_adpcm_c,0
cbench__telecom_adpcm_d,0
cbench__telecom_gsm,2
coyotebench__almabench,3
coyotebench__huffbench,0
coyotebench__lpbench,0
dhrystone__dry,0
dhrystone__fldry,0
doe_proxyapps_c__Pathfinder,0
doe_proxyapps_c__RSBench,3
doe_proxyapps_c__SimpleMOC,4
doe_proxyapps_c__XSBench,0
doe_proxyapps_c__miniGMG,4
mallocbench__espresso,4
mccat__01-qbsort,0
mccat__03-testtrie,0
mccat__04-bisect,0
mccat__05-eks,0
mccat__08-main,3
mccat__09-vor,4
mccat__12-IOtest,0
mccat__15-trie,0
mccat__17-bintr,0
mcgill__chomp,0
mcgill__exptree,0
mcgill__misr,0
mcgill__queens,1
mediabench__adpcm__rawcaudio,0
mediabench__adpcm__rawdaudio,0
mediabench__g721__g721encode,0
mediabench__gsm__toast,2
mediabench__mpeg2__mpeg2dec,0
mibench__automotive-basicmath,3
mibench__automotive-bitcount,0
mibench__automotive-susan,2
mibench__consumer-jpeg,4
mibench__consumer-lame,0
mibench__network-dijkstra,0
mibench__network-patricia,4
mibench__office-stringsearch,0
mibench__security-blowfish,2
mibench__security-rijndael,2
mibench__security-sha,4
mibench__telecomm-CRC32,0
mibench__telecomm-FFT,0
misc__ReedSolomon,0
misc__dt,0
misc__evalloop,0
misc__fbench,3
misc__ffbench,0
misc__flops-1,3
misc__flops-2,3
misc__flops-3,3
misc__flops-4,5
misc__flops-5,5
misc__flops-6,5
misc__flops-7,3
misc__flops-8,5
misc__flops,5
misc__fp-convert,3
misc__himenobmtxpa,4
misc__lowercase,0
misc__mandel-2,3
misc__mandel,3
misc__matmul_f64_4x4,4
misc__oourafft,4
misc__perlin,0
misc__pi,3
misc__revertBits,2
misc__richards_benchmark,0
misc__salsa20,2
misc__whetstone,0
npb-serial__dc,4
npb-serial__is,0
olden__bisort,0
olden__health,3
olden__mst,0
olden__power,3
olden__voronoi,3
polybench__datamining__correlation,0
polybench__datamining__covariance,0
polybench__linear_algebra_blas__gemm,0
polybench__linear_algebra_blas__gemver,0
polybench__linear_algebra_blas__gesummv,0
polybench__linear_algebra_blas__symm,0
polybench__linear_algebra_blas__syr2k,0
polybench__linear_algebra_blas__syrk,0
polybench__linear_algebra_blas__trmm,0
polybench__linear_algebra_kernels__2mm,0
polybench__linear_algebra_kernels__3mm,0
polybench__linear_algebra_kernels__atax,0
polybench__linear_algebra_kernels__bicg,0
polybench__linear_algebra_kernels__doitgen,0
polybench__linear_algebra_kernels__mvt,0
polybench__linear_algebra_solvers__cholesky,0
polybench__linear_algebra_solvers__durbin,0
polybench__linear_algebra_solvers__gramschmidt,0
polybench__linear_algebra_solvers__lu,0
polybench__linear_algebra_solvers__ludcmp,0
polybench__linear_algebra_solvers__trisolv,0
polybench__medley__deriche,0
polybench__medley__floyd-warshall,0
polybench__medley__nussinov,0
polybench__stencils__adi,0
polybench__stencils__fdtd-2d,0
polybench__stencils__heat-3d,0
polybench__stencils__jacobi-1d,0
polybench__stencils__jacobi-2d,0
polybench__stencils__seidel-2d,0
prolangs-c__agrep,0
prolangs-c__allroots,4
prolangs-c__archie-client,1
prolangs-c__assembler,0
prolangs-c__bison,0
prolangs-c__cdecl,1
prolangs-c__fixoutput,1
prolangs-c__football,4
prolangs-c__gnugo,1
prolangs-c__plot2fig,0
prolangs-c__unix-smail,1
prolangs-c__unix-tbl,1
ptrdist__anagram,0
ptrdist__bc,0
ptrdist__ft,0
ptrdist__ks,0
ptrdist__yacr2,1
shootout__ackermann,0
shootout__ary3,0
shootout__fib2,0
shootout__hash,0
shootout__heapsort,0
shootout__hello,3
shootout__lists,4
shootout__matrix,0
shootout__methcall,0
shootout__nestedloop,0
shootout__objinst,0
shootout__random,0
shootout__sieve,0
shootout__strcat,0
stanford__Bubblesort,0
stanford__FloatMM,0
stanford__IntMM,0
stanford__Oscar,0
stanford__Puzzle,0
stanford__Queens,0
stanford__Quicksort,0
stanford__RealMM,0
stanford__Towers,0
stanford__Treesort,0
trimaran__enc-3des,2
trimaran__enc-md5,2
trimaran__enc-pc1,2
trimaran__enc-rc4,0
trimaran__netbench-crc,0
trimaran__netbench-url,0
tsvc__ControlFlow-dbl,1
tsvc__ControlFlow-flt,1
tsvc__ControlLoops-dbl,1
tsvc__ControlLoops-flt,1
tsvc__CrossingThresholds-dbl,1
tsvc__CrossingThresholds-flt,1
tsvc__Equivalencing-dbl,1
tsvc__Equivalencing-flt,1
tsvc__Expansion-dbl,1
tsvc__Expansion-flt,1
tsvc__GlobalDataFlow-dbl,1
tsvc__GlobalDataFlow-flt,1
tsvc__IndirectAddressing-dbl,1
tsvc__IndirectAddressing-flt,1
tsvc__InductionVariable-dbl,1
tsvc__InductionVariable-flt,1
tsvc__LinearDependence-dbl,1
tsvc__LinearDependence-flt,1
tsvc__LoopRerolling-dbl,1
tsvc__LoopRerolling-flt,1
tsvc__LoopRestructuring-dbl,1
tsvc__LoopRestructuring-flt,1
tsvc__NodeSplitting-dbl,1
tsvc__NodeSplitting-flt,1
tsvc__Packing-dbl,1
tsvc__Packing-flt,1
tsvc__Recurrences-dbl,1
tsvc__Recurrences-flt,1
tsvc__Reductions-dbl,1
tsvc__Reductions-flt,1
tsvc__Searching-dbl,1
tsvc__Searching-flt,1
tsvc__StatementReordering-dbl,1
tsvc__StatementReordering-flt,1
tsvc__Symbolics-dbl,1
tsvc__Symbolics-flt,1
versabench__8b10b,0
versabench__bmm,0
versabench__dbms,1
versabench__ecbdes,2
